Country,Year,GDP
Afghanistan,2005,6167.0
Albania,2005,8148.0
Algeria,2005,107047.0
Andorra,2005,3158.0
Angola,2005,41397.0
Antigua and Barbuda,2005,1144.0
Argentina,2005,199273.0
Armenia,2005,4900.0
Aruba,2005,2360.0
Australia,2005,736505.0
Austria,2005,314126.0
Azerbaijan,2005,13239.0
Bahamas,2005,9836.0
Bahrain,2005,16647.0
Bangladesh,2005,79530.0
Barbados,2005,4213.0
Belarus,2005,31239.0
Belgium,2005,385927.0
Belize,2005,1475.0
Benin,2005,6571.0
Bhutan,2005,818.0
Bolivia,2005,9573.0
Bosnia and Herzegovina,2005,11223.0
Botswana,2005,9833.0
Brazil,2005,891633.0
Brunei,2005,10561.0
Bulgaria,2005,29868.0
Burkina Faso,2005,6150.0
Burundi,2005,1117.0
Cape Verde,2005,1395.0
Cambodia,2005,7058.0
Cameroon,2005,19534.0
Canada,2005,1173505.0
Central African Republic,2005,1413.0
Chad,2005,8660.0
Chile,2005,122315.0
China,2005,2325515.0
Colombia,2005,145600.0
Comoros,2005,656.0
DR Congo,2005,12720.0
Republic of the Congo,2005,6654.0
Costa Rica,2005,20049.0
Ivory Coast,2005,23626.0
Croatia,2005,45035.0
Cyprus,2005,18713.0
Czech Republic,2005,137264.0
Denmark,2005,265150.0
Djibouti,2005,996.0
Dominica,2005,364.0
Dominican Republic,2005,35948.0
Ecuador,2005,40279.0
Egypt,2005,94127.0
El Salvador,2005,14698.0
Equatorial Guinea,2005,8191.0
Eritrea,2005,850.0
Estonia,2005,14129.0
Eswatini,2005,3177.0
Ethiopia,2005,12387.0
Fiji,2005,3257.0
Finland,2005,204973.0
France,2005,2193358.0
Gabon,2005,9468.0
Gambia,2005,1028.0
Georgia,2005,6590.0
Germany,2005,2894992.0
Ghana,2005,26415.0
Greece,2005,242450.0
Grenada,2005,695.0
Guatemala,2005,28179.0
Guinea,2005,4506.0
Guinea-Bissau,2005,640.0
Guyana,2005,1712.0
Haiti,2005,7186.0
Honduras,2005,9672.0
Hong Kong,2005,181556.0
Hungary,2005,113098.0
Iceland,2005,16853.0
India,2005,820385.0
Indonesia,2005,310920.0
Iran,2005,228428.0
Iraq,2005,50065.0
Ireland,2005,211993.0
Israel,2005,147442.0
Italy,2005,1866013.0
Jamaica,2005,11233.0
Japan,2005,4831467.0
Jordan,2005,13134.0
Kazakhstan,2005,57125.0
Kenya,2005,26307.0
Kiribati,2005,114.0
South Korea,2005,971540.0
Kosovo,2005,3828.0
Kuwait,2005,80799.0
Kyrgyzstan,2005,2459.0
Laos,2005,3079.0
Latvia,2005,16332.0
Lebanon,2005,21497.0
Lesotho,2005,1730.0
Liberia,2005,944.0
Libya,2005,48852.0
Lithuania,2005,26118.0
Luxembourg,2005,37693.0
Macau,2005,12160.0
Madagascar,2005,5859.0
Malawi,2005,5148.0
Malaysia,2005,150345.0
Maldives,2005,1163.0
Mali,2005,6251.0
Malta,2005,6392.0
Marshall Islands,2005,138.0
Mauritania,2005,2936.0
Mauritius,2005,6867.0
Mexico,2005,917572.0
Federated States of Micronesia,2005,247.0
Moldova,2005,2988.0
Mongolia,2005,2523.0
Montenegro,2005,2261.0
Morocco,2005,67468.0
Mozambique,2005,8868.0
Myanmar,2005,12051.0
Namibia,2005,7324.0
Nauru,2005,31.0
Nepal,2005,9331.0
Netherlands,2005,688514.0
New Zealand,2005,113264.0
Nicaragua,2005,6321.0
Niger,2005,4372.0
Nigeria,2005,169645.0
North Macedonia,2005,6257.0
Norway,2005,309979.0
Oman,2005,35507.0
Pakistan,2005,145209.0
Palau,2005,186.0
Panama,2005,17244.0
Papua New Guinea,2005,7339.0
Paraguay,2005,10738.0
Peru,2005,74232.0
Philippines,2005,107420.0
Poland,2005,307158.0
Portugal,2005,197363.0
Puerto Rico,2005,83915.0
Qatar,2005,44636.0
Romania,2005,98547.0
Russia,2005,817717.0
Rwanda,2005,2945.0
Samoa,2005,486.0
San Marino,2005,1788.0
So Tom and Prncipe,2005,125.0
Saudi Arabia,2005,328205.0
Senegal,2005,11015.0
Serbia,2005,28143.0
Seychelles,2005,919.0
Sierra Leone,2005,2738.0
Singapore,2005,127808.0
Slovakia,2005,48912.0
Slovenia,2005,36002.0
Solomon Islands,2005,477.0
Somalia,2005,
South Africa,2005,288749.0
South Sudan,2005,
Spain,2005,1155306.0
Sri Lanka,2005,28880.0
Saint Kitts and Nevis,2005,547.0
Saint Lucia,2005,1135.0
Saint Vincent and the Grenadines,2005,580.0
Sudan,2005,35183.0
Suriname,2005,2393.0
Sweden,2005,391691.0
Switzerland,2005,418265.0
Syria,2005,28881.0
Taiwan,2005,374060.0
Tajikistan,2005,2311.0
Tanzania,2005,17174.0
Thailand,2005,189318.0
Timor-Leste,2005,462.0
Togo,2005,3080.0
Tonga,2005,262.0
Trinidad and Tobago,2005,16170.0
Tunisia,2005,33851.0
Turkey,2005,504800.0
Turkmenistan,2005,29363.0
Tuvalu,2005,23.0
Uganda,2005,12460.0
Ukraine,2005,85996.0
United Arab Emirates,2005,180616.0
United Kingdom,2005,2546038.0
United States,2005,13039200.0
Uruguay,2005,18986.0
Uzbekistan,2005,17939.0
Vanuatu,2005,390.0
Venezuela,2005,143375.0
Vietnam,2005,73197.0
Palestine,2005,5126.0
Yemen,2005,16732.0
Zambia,2005,8329.0
Zimbabwe,2005,9045.0
Afghanistan,2006,6925.0
Albania,2006,9002.0
Algeria,2006,123084.0
Andorra,2006,3456.0
Angola,2006,58654.0
Antigua and Barbuda,2006,1304.0
Argentina,2006,232892.0
Armenia,2006,6384.0
Aruba,2006,2470.0
Australia,2006,783447.0
Austria,2006,333924.0
Azerbaijan,2006,20983.0
Bahamas,2006,10167.0
Bahrain,2006,19291.0
Bangladesh,2006,86028.0
Barbados,2006,4702.0
Belarus,2006,38219.0
Belgium,2006,408281.0
Belize,2006,1591.0
Benin,2006,7034.0
Bhutan,2006,876.0
Bolivia,2006,11520.0
Bosnia and Herzegovina,2006,12865.0
Botswana,2006,9919.0
Brazil,2006,1107628.0
Brunei,2006,12710.0
Bulgaria,2006,34380.0
Burkina Faso,2006,6548.0
Burundi,2006,1273.0
Cape Verde,2006,1452.0
Cambodia,2006,8342.0
Cameroon,2006,20912.0
Canada,2006,1319356.0
Central African Republic,2006,1538.0
Chad,2006,9710.0
Chile,2006,153840.0
China,2006,2797286.0
Colombia,2006,161793.0
Comoros,2006,689.0
DR Congo,2006,15403.0
Republic of the Congo,2006,8073.0
Costa Rica,2006,22717.0
Ivory Coast,2006,24628.0
Croatia,2006,49593.0
Cyprus,2006,20422.0
Czech Republic,2006,156236.0
Denmark,2006,283387.0
Djibouti,2006,1080.0
Dominica,2006,390.0
Dominican Republic,2006,37998.0
Ecuador,2006,45691.0
Egypt,2006,112902.0
El Salvador,2006,16000.0
Equatorial Guinea,2006,10096.0
Eritrea,2006,937.0
Estonia,2006,17049.0
Eswatini,2006,3293.0
Ethiopia,2006,15310.0
Fiji,2006,3361.0
Finland,2006,217056.0
France,2006,2317985.0
Gabon,2006,10164.0
Gambia,2006,1054.0
Georgia,2006,7979.0
Germany,2006,3046470.0
Ghana,2006,30963.0
Greece,2006,269088.0
Grenada,2006,699.0
Guatemala,2006,31308.0
Guinea,2006,4178.0
Guinea-Bissau,2006,635.0
Guyana,2006,1899.0
Haiti,2006,7507.0
Honduras,2006,10843.0
Hong Kong,2006,193515.0
Hungary,2006,115604.0
Iceland,2006,17465.0
India,2006,940260.0
Indonesia,2006,396518.0
Iran,2006,272361.0
Iraq,2006,65144.0
Ireland,2006,232193.0
Israel,2006,159076.0
Italy,2006,1958667.0
Jamaica,2006,11946.0
Japan,2006,4601663.0
Jordan,2006,15795.0
Kazakhstan,2006,81003.0
Kenya,2006,29668.0
Kiribati,2006,112.0
South Korea,2006,1094545.0
Kosovo,2006,4019.0
Kuwait,2006,101548.0
Kyrgyzstan,2006,2837.0
Laos,2006,3934.0
Latvia,2006,20453.0
Lebanon,2006,22023.0
Lesotho,2006,1720.0
Liberia,2006,1109.0
Libya,2006,60094.0
Lithuania,2006,30138.0
Luxembourg,2006,42912.0
Macau,2006,14874.0
Madagascar,2006,6396.0
Malawi,2006,5630.0
Malaysia,2006,170410.0
Maldives,2006,1575.0
Mali,2006,6906.0
Malta,2006,6783.0
Marshall Islands,2006,143.0
Mauritania,2006,4009.0
Mauritius,2006,7123.0
Mexico,2006,1020265.0
Federated States of Micronesia,2006,250.0
Moldova,2006,3408.0
Mongolia,2006,3414.0
Montenegro,2006,2724.0
Morocco,2006,74284.0
Mozambique,2006,9510.0
Myanmar,2006,13502.0
Namibia,2006,7711.0
Nauru,2006,29.0
Nepal,2006,10316.0
Netherlands,2006,737633.0
New Zealand,2006,109740.0
Nicaragua,2006,6764.0
Niger,2006,4743.0
Nigeria,2006,222791.0
North Macedonia,2006,6860.0
Norway,2006,346914.0
Oman,2006,42578.0
Pakistan,2006,161871.0
Palau,2006,191.0
Panama,2006,19109.0
Papua New Guinea,2006,8355.0
Paraguay,2006,13430.0
Peru,2006,87459.0
Philippines,2006,127653.0
Poland,2006,345898.0
Portugal,2006,208767.0
Puerto Rico,2006,87276.0
Qatar,2006,58629.0
Romania,2006,122114.0
Russia,2006,1060901.0
Rwanda,2006,3318.0
Samoa,2006,516.0
San Marino,2006,1910.0
So Tom and Prncipe,2006,133.0
Saudi Arabia,2006,376398.0
Senegal,2006,11699.0
Serbia,2006,33421.0
Seychelles,2006,1016.0
Sierra Leone,2006,3144.0
Singapore,2006,148627.0
Slovakia,2006,57480.0
Slovenia,2006,39293.0
Solomon Islands,2006,539.0
Somalia,2006,
South Africa,2006,304055.0
South Sudan,2006,
Spain,2006,1261914.0
Sri Lanka,2006,33447.0
Saint Kitts and Nevis,2006,644.0
Saint Lucia,2006,1268.0
Saint Vincent and the Grenadines,2006,643.0
Sudan,2006,45264.0
Suriname,2006,2812.0
Sweden,2006,422528.0
Switzerland,2006,441898.0
Syria,2006,33824.0
Taiwan,2006,386450.0
Tajikistan,2006,2811.0
Tanzania,2006,18878.0
Thailand,2006,221758.0
Timor-Leste,2006,454.0
Togo,2006,3173.0
Tonga,2006,292.0
Trinidad and Tobago,2006,18600.0
Tunisia,2006,36059.0
Turkey,2006,552332.0
Turkmenistan,2006,36577.0
Tuvalu,2006,24.0
Uganda,2006,14079.0
Ukraine,2006,107767.0
United Arab Emirates,2006,222117.0
United Kingdom,2006,2712257.0
United States,2006,13815600.0
Uruguay,2006,21416.0
Uzbekistan,2006,21344.0
Vanuatu,2006,435.0
Venezuela,2006,178521.0
Vietnam,2006,84301.0
Palestine,2006,5348.0
Yemen,2006,19063.0
Zambia,2006,12762.0
Zimbabwe,2006,8141.0
Afghanistan,2007,8556.0
Albania,2007,10804.0
Algeria,2007,142483.0
Andorra,2007,3952.0
Angola,2007,73038.0
Antigua and Barbuda,2007,1487.0
Argentina,2007,287921.0
Armenia,2007,9206.0
Aruba,2007,2678.0
Australia,2007,950093.0
Austria,2007,386806.0
Azerbaijan,2007,33050.0
Bahamas,2007,10618.0
Bahrain,2007,22653.0
Bangladesh,2007,95374.0
Barbados,2007,5273.0
Belarus,2007,46815.0
Belgium,2007,470978.0
Belize,2007,1707.0
Benin,2007,8170.0
Bhutan,2007,1071.0
Bolivia,2007,13216.0
Bosnia and Herzegovina,2007,15779.0
Botswana,2007,10566.0
Brazil,2007,1397114.0
Brunei,2007,13571.0
Bulgaria,2007,44432.0
Burkina Faso,2007,7627.0
Burundi,2007,1356.0
Cape Verde,2007,1650.0
Cambodia,2007,10117.0
Cameroon,2007,23931.0
Canada,2007,1468896.0
Central African Republic,2007,1755.0
Chad,2007,10867.0
Chile,2007,172565.0
China,2007,3612210.0
Colombia,2007,206230.0
Comoros,2007,796.0
DR Congo,2007,18598.0
Republic of the Congo,2007,8784.0
Costa Rica,2007,26885.0
Ivory Coast,2007,28158.0
Croatia,2007,59303.0
Cyprus,2007,24082.0
Czech Republic,2007,189845.0
Denmark,2007,320213.0
Djibouti,2007,1191.0
Dominica,2007,421.0
Dominican Republic,2007,44067.0
Ecuador,2007,49849.0
Egypt,2007,137055.0
El Salvador,2007,17012.0
Equatorial Guinea,2007,13091.0
Eritrea,2007,1020.0
Estonia,2007,22478.0
Eswatini,2007,3465.0
Ethiopia,2007,19329.0
Fiji,2007,3688.0
Finland,2007,256390.0
France,2007,2656130.0
Gabon,2007,12457.0
Gambia,2007,1280.0
Georgia,2007,10458.0
Germany,2007,3484467.0
Ghana,2007,36544.0
Greece,2007,314264.0
Grenada,2007,759.0
Guatemala,2007,35028.0
Guinea,2007,6317.0
Guinea-Bissau,2007,753.0
Guyana,2007,2225.0
Haiti,2007,9522.0
Honduras,2007,12276.0
Hong Kong,2007,211583.0
Hungary,2007,140123.0
Iceland,2007,21653.0
India,2007,1216736.0
Indonesia,2007,470092.0
Iran,2007,360928.0
Iraq,2007,88833.0
Ireland,2007,270112.0
Israel,2007,184706.0
Italy,2007,2222785.0
Jamaica,2007,12881.0
Japan,2007,4579750.0
Jordan,2007,17957.0
Kazakhstan,2007,104850.0
Kenya,2007,36708.0
Kiribati,2007,138.0
South Korea,2007,1220756.0
Kosovo,2007,4868.0
Kuwait,2007,114608.0
Kyrgyzstan,2007,3807.0
Laos,2007,4757.0
Latvia,2007,29463.0
Lebanon,2007,24827.0
Lesotho,2007,1759.0
Liberia,2007,1344.0
Libya,2007,68211.0
Lithuania,2007,39765.0
Luxembourg,2007,51594.0
Macau,2007,18440.0
Madagascar,2007,8525.0
Malawi,2007,6240.0
Malaysia,2007,202732.0
Maldives,2007,1868.0
Mali,2007,8157.0
Malta,2007,7972.0
Marshall Islands,2007,150.0
Mauritania,2007,4328.0
Mauritius,2007,8260.0
Mexico,2007,1102356.0
Federated States of Micronesia,2007,253.0
Moldova,2007,4401.0
Mongolia,2007,4235.0
Montenegro,2007,3686.0
Morocco,2007,85539.0
Mozambique,2007,10811.0
Myanmar,2007,17745.0
Namibia,2007,8730.0
Nauru,2007,25.0
Nepal,2007,11777.0
Netherlands,2007,853600.0
New Zealand,2007,134859.0
Nicaragua,2007,7423.0
Niger,2007,5716.0
Nigeria,2007,266334.0
North Macedonia,2007,8337.0
Norway,2007,402646.0
Oman,2007,48300.0
Pakistan,2007,184141.0
Palau,2007,196.0
Panama,2007,22072.0
Papua New Guinea,2007,9545.0
Paraguay,2007,17856.0
Peru,2007,102187.0
Philippines,2007,155980.0
Poland,2007,429715.0
Portugal,2007,240524.0
Puerto Rico,2007,89524.0
Qatar,2007,75987.0
Romania,2007,174831.0
Russia,2007,1393416.0
Rwanda,2007,4069.0
Samoa,2007,568.0
San Marino,2007,2189.0
So Tom and Prncipe,2007,145.0
Saudi Arabia,2007,415687.0
Senegal,2007,13996.0
Serbia,2007,45121.0
Seychelles,2007,1034.0
Sierra Leone,2007,3451.0
Singapore,2007,180942.0
Slovakia,2007,77260.0
Slovenia,2007,47886.0
Solomon Islands,2007,620.0
Somalia,2007,
South Africa,2007,332650.0
South Sudan,2007,
Spain,2007,1476920.0
Sri Lanka,2007,38270.0
Saint Kitts and Nevis,2007,689.0
Saint Lucia,2007,1331.0
Saint Vincent and the Grenadines,2007,713.0
Sudan,2007,59440.0
Suriname,2007,3144.0
Sweden,2007,490052.0
Switzerland,2007,491075.0
Syria,2007,40488.0
Taiwan,2007,406907.0
Tajikistan,2007,3712.0
Tanzania,2007,21810.0
Thailand,2007,262943.0
Timor-Leste,2007,543.0
Togo,2007,3760.0
Tonga,2007,299.0
Trinidad and Tobago,2007,21937.0
Tunisia,2007,40819.0
Turkey,2007,682992.0
Turkmenistan,2007,44388.0
Tuvalu,2007,29.0
Uganda,2007,17512.0
Ukraine,2007,143260.0
United Arab Emirates,2007,257883.0
United Kingdom,2007,3091695.0
United States,2007,14474250.0
Uruguay,2007,25603.0
Uzbekistan,2007,27963.0
Vanuatu,2007,517.0
Venezuela,2007,232857.0
Vietnam,2007,98426.0
Palestine,2007,5816.0
Yemen,2007,21651.0
Zambia,2007,14060.0
Zimbabwe,2007,7784.0
Afghanistan,2008,10297.0
Albania,2008,13035.0
Algeria,2008,180384.0
Andorra,2008,4082.0
Angola,2008,98790.0
Antigua and Barbuda,2008,1558.0
Argentina,2008,363545.0
Armenia,2008,11662.0
Aruba,2008,2843.0
Australia,2008,1056559.0
Austria,2008,429187.0
Azerbaijan,2008,48852.0
Bahamas,2008,10526.0
Bahrain,2008,26803.0
Bangladesh,2008,109765.0
Barbados,2008,5401.0
Belarus,2008,62798.0
Belgium,2008,517271.0
Belize,2008,1739.0
Benin,2008,9787.0
Bhutan,2008,1353.0
Bolivia,2008,16792.0
Bosnia and Herzegovina,2008,19113.0
Botswana,2008,10731.0
Brazil,2008,1695855.0
Brunei,2008,15949.0
Bulgaria,2008,54476.0
Burkina Faso,2008,9450.0
Burundi,2008,1612.0
Cape Verde,2008,1960.0
Cambodia,2008,12162.0
Cameroon,2008,27712.0
Canada,2008,1552864.0
Central African Republic,2008,2033.0
Chad,2008,13384.0
Chile,2008,179663.0
China,2008,4653314.0
Colombia,2008,242504.0
Comoros,2008,916.0
DR Congo,2008,22665.0
Republic of the Congo,2008,11649.0
Costa Rica,2008,30802.0
Ivory Coast,2008,33621.0
Croatia,2008,68469.0
Cyprus,2008,27955.0
Czech Republic,2008,236820.0
Denmark,2008,354977.0
Djibouti,2008,1382.0
Dominica,2008,458.0
Dominican Republic,2008,48174.0
Ecuador,2008,61139.0
Egypt,2008,170797.0
El Salvador,2008,17987.0
Equatorial Guinea,2008,19828.0
Eritrea,2008,923.0
Estonia,2008,24434.0
Eswatini,2008,3298.0
Ethiopia,2008,26250.0
Fiji,2008,3816.0
Finland,2008,285667.0
France,2008,2926483.0
Gabon,2008,15570.0
Gambia,2008,1562.0
Georgia,2008,13158.0
Germany,2008,3808369.0
Ghana,2008,41323.0
Greece,2008,351083.0
Grenada,2008,826.0
Guatemala,2008,40242.0
Guinea,2008,6966.0
Guinea-Bissau,2008,953.0
Guyana,2008,2491.0
Haiti,2008,10488.0
Honduras,2008,13789.0
Hong Kong,2008,219279.0
Hungary,2008,158228.0
Iceland,2008,18075.0
India,2008,1198895.0
Indonesia,2008,558291.0
Iran,2008,425699.0
Iraq,2008,131614.0
Ireland,2008,275417.0
Israel,2008,221231.0
Italy,2008,2417242.0
Jamaica,2008,13743.0
Japan,2008,5106679.0
Jordan,2008,22648.0
Kazakhstan,2008,133442.0
Kenya,2008,41058.0
Kiribati,2008,150.0
South Korea,2008,1093487.0
Kosovo,2008,5202.0
Kuwait,2008,147391.0
Kyrgyzstan,2008,5139.0
Laos,2008,5946.0
Latvia,2008,34296.0
Lebanon,2008,29119.0
Lesotho,2008,1652.0
Liberia,2008,1676.0
Libya,2008,86804.0
Lithuania,2008,48004.0
Luxembourg,2008,58838.0
Macau,2008,21027.0
Madagascar,2008,10725.0
Malawi,2008,7492.0
Malaysia,2008,241946.0
Maldives,2008,2272.0
Mali,2008,9871.0
Malta,2008,9171.0
Marshall Islands,2008,147.0
Mauritania,2008,5138.0
Mauritius,2008,10125.0
Mexico,2008,1161553.0
Federated States of Micronesia,2008,261.0
Moldova,2008,6055.0
Mongolia,2008,5623.0
Montenegro,2008,4564.0
Morocco,2008,100112.0
Mozambique,2008,12920.0
Myanmar,2008,25313.0
Namibia,2008,8496.0
Nauru,2008,36.0
Nepal,2008,14310.0
Netherlands,2008,957797.0
New Zealand,2008,135606.0
Nicaragua,2008,8497.0
Niger,2008,7279.0
Nigeria,2008,335378.0
North Macedonia,2008,9912.0
Norway,2008,464915.0
Oman,2008,69805.0
Pakistan,2008,202204.0
Palau,2008,199.0
Panama,2008,26072.0
Papua New Guinea,2008,11671.0
Paraguay,2008,24615.0
Peru,2008,121308.0
Philippines,2008,181007.0
Poland,2008,535612.0
Portugal,2008,263388.0
Puerto Rico,2008,93639.0
Qatar,2008,112621.0
Romania,2008,215567.0
Russia,2008,1779109.0
Rwanda,2008,5183.0
Samoa,2008,684.0
San Marino,2008,2403.0
So Tom and Prncipe,2008,188.0
Saudi Arabia,2008,519797.0
Senegal,2008,16852.0
Serbia,2008,54117.0
Seychelles,2008,998.0
Sierra Leone,2008,3926.0
Singapore,2008,193617.0
Slovakia,2008,97122.0
Slovenia,2008,55503.0
Solomon Islands,2008,699.0
Somalia,2008,
South Africa,2008,316491.0
South Sudan,2008,
Spain,2008,1635936.0
Sri Lanka,2008,48177.0
Saint Kitts and Nevis,2008,778.0
Saint Lucia,2008,1427.0
Saint Vincent and the Grenadines,2008,731.0
Sudan,2008,64833.0
Suriname,2008,3783.0
Sweden,2008,514617.0
Switzerland,2008,566938.0
Syria,2008,52631.0
Taiwan,2008,415901.0
Tajikistan,2008,5135.0
Tanzania,2008,27779.0
Thailand,2008,291383.0
Timor-Leste,2008,648.0
Togo,2008,4578.0
Tonga,2008,344.0
Trinidad and Tobago,2008,28193.0
Tunisia,2008,47039.0
Turkey,2008,782851.0
Turkmenistan,2008,36788.0
Tuvalu,2008,32.0
Uganda,2008,22419.0
Ukraine,2008,181313.0
United Arab Emirates,2008,315464.0
United Kingdom,2008,2960390.0
United States,2008,14769850.0
Uruguay,2008,33151.0
Uzbekistan,2008,35858.0
Vanuatu,2008,582.0
Venezuela,2008,306764.0
Vietnam,2008,124756.0
Palestine,2008,7310.0
Yemen,2008,26911.0
Zambia,2008,17914.0
Zimbabwe,2008,6707.0
Afghanistan,2009,12066.0
Albania,2009,12187.0
Algeria,2009,150317.0
Andorra,2009,3675.0
Angola,2009,81705.0
Antigua and Barbuda,2009,1387.0
Argentina,2009,334633.0
Armenia,2009,8648.0
Aruba,2009,2554.0
Australia,2009,1000828.0
Austria,2009,398857.0
Azerbaijan,2009,44297.0
Bahamas,2009,9982.0
Bahrain,2009,23913.0
Bangladesh,2009,122760.0
Barbados,2009,5064.0
Belarus,2009,50855.0
Belgium,2009,484488.0
Belize,2009,1688.0
Benin,2009,9728.0
Bhutan,2009,1274.0
Bolivia,2009,17464.0
Bosnia and Herzegovina,2009,17614.0
Botswana,2009,10118.0
Brazil,2009,1669204.0
Brunei,2009,11892.0
Bulgaria,2009,52024.0
Burkina Faso,2009,9440.0
Burundi,2009,1775.0
Cape Verde,2009,1852.0
Cambodia,2009,12490.0
Cameroon,2009,27903.0
Canada,2009,1376509.0
Central African Republic,2009,2059.0
Chad,2009,12304.0
Chile,2009,171794.0
China,2009,5176180.0
Colombia,2009,232469.0
Comoros,2009,904.0
DR Congo,2009,18626.0
Republic of the Congo,2009,9713.0
Costa Rica,2009,30746.0
Ivory Coast,2009,33693.0
Croatia,2009,62255.0
Cyprus,2009,26020.0
Czech Republic,2009,207095.0
Denmark,2009,322621.0
Djibouti,2009,1426.0
Dominica,2009,489.0
Dominican Republic,2009,48281.0
Ecuador,2009,60095.0
Egypt,2009,198316.0
El Salvador,2009,17602.0
Equatorial Guinea,2009,15072.0
Eritrea,2009,1297.0
Estonia,2009,19694.0
Eswatini,2009,3596.0
Ethiopia,2009,28672.0
Fiji,2009,3106.0
Finland,2009,253206.0
France,2009,2697144.0
Gabon,2009,12188.0
Gambia,2009,1450.0
Georgia,2009,11069.0
Germany,2009,3476022.0
Ghana,2009,37127.0
Greece,2009,326474.0
Grenada,2009,771.0
Guatemala,2009,37997.0
Guinea,2009,6753.0
Guinea-Bissau,2009,889.0
Guyana,2009,2596.0
Haiti,2009,11598.0
Honduras,2009,14486.0
Hong Kong,2009,214048.0
Hungary,2009,130807.0
Iceland,2009,13154.0
India,2009,1341889.0
Indonesia,2009,578577.0
Iran,2009,440408.0
Iraq,2009,111660.0
Ireland,2009,236187.0
Israel,2009,213401.0
Italy,2009,2207085.0
Jamaica,2009,12107.0
Japan,2009,5289494.0
Jordan,2009,24538.0
Kazakhstan,2009,115309.0
Kenya,2009,42347.0
Kiribati,2009,142.0
South Korea,2009,982854.0
Kosovo,2009,5030.0
Kuwait,2009,105992.0
Kyrgyzstan,2009,4690.0
Laos,2009,6431.0
Latvia,2009,25758.0
Lebanon,2009,35400.0
Lesotho,2009,1937.0
Liberia,2009,1765.0
Libya,2009,60767.0
Lithuania,2009,37591.0
Luxembourg,2009,54408.0
Macau,2009,21588.0
Madagascar,2009,9617.0
Malawi,2009,8723.0
Malaysia,2009,211847.0
Maldives,2009,2345.0
Mali,2009,10249.0
Malta,2009,8760.0
Marshall Islands,2009,151.0
Mauritania,2009,4725.0
Mauritius,2009,9252.0
Mexico,2009,943437.0
Federated States of Micronesia,2009,277.0
Moldova,2009,5438.0
Mongolia,2009,4584.0
Montenegro,2009,4171.0
Morocco,2009,100535.0
Mozambique,2009,12264.0
Myanmar,2009,30675.0
Namibia,2009,8915.0
Nauru,2009,47.0
Nepal,2009,14663.0
Netherlands,2009,878000.0
New Zealand,2009,122011.0
Nicaragua,2009,8297.0
Niger,2009,7324.0
Nigeria,2009,302456.0
North Macedonia,2009,9400.0
Norway,2009,387974.0
Oman,2009,55454.0
Pakistan,2009,187074.0
Palau,2009,184.0
Panama,2009,28104.0
Papua New Guinea,2009,11619.0
Paraguay,2009,22355.0
Peru,2009,121892.0
Philippines,2009,176132.0
Poland,2009,440954.0
Portugal,2009,244402.0
Puerto Rico,2009,96386.0
Qatar,2009,88196.0
Romania,2009,174572.0
Russia,2009,1307927.0
Rwanda,2009,5675.0
Samoa,2009,618.0
San Marino,2009,2062.0
So Tom and Prncipe,2009,201.0
Saudi Arabia,2009,429098.0
Senegal,2009,16128.0
Serbia,2009,46949.0
Seychelles,2009,847.0
Sierra Leone,2009,3795.0
Singapore,2009,194150.0
Slovakia,2009,89246.0
Slovenia,2009,49921.0
Solomon Islands,2009,736.0
Somalia,2009,
South Africa,2009,331184.0
South Sudan,2009,
Spain,2009,1494963.0
Sri Lanka,2009,49750.0
Saint Kitts and Nevis,2009,774.0
Saint Lucia,2009,1400.0
Saint Vincent and the Grenadines,2009,714.0
Sudan,2009,54812.0
Suriname,2009,4150.0
Sweden,2009,434313.0
Switzerland,2009,553873.0
Syria,2009,53939.0
Taiwan,2009,390829.0
Tajikistan,2009,4977.0
Tanzania,2009,29301.0
Thailand,2009,281711.0
Timor-Leste,2009,727.0
Togo,2009,4717.0
Tonga,2009,312.0
Trinidad and Tobago,2009,19520.0
Tunisia,2009,45593.0
Turkey,2009,651513.0
Turkmenistan,2009,34562.0
Tuvalu,2009,28.0
Uganda,2009,24107.0
Ukraine,2009,117079.0
United Arab Emirates,2009,253547.0
United Kingdom,2009,2421476.0
United States,2009,14478050.0
Uruguay,2009,34565.0
Uzbekistan,2009,41945.0
Vanuatu,2009,590.0
Venezuela,2009,268624.0
Vietnam,2009,129022.0
Palestine,2009,8086.0
Yemen,2009,25130.0
Zambia,2009,15332.0
Zimbabwe,2009,9666.0
Afghanistan,2010,15325.0
Albania,2010,12079.0
Algeria,2010,177785.0
Andorra,2010,3446.0
Angola,2010,95547.0
Antigua and Barbuda,2010,1298.0
Argentina,2010,424729.0
Armenia,2010,9260.0
Aruba,2010,2454.0
Australia,2010,1254623.0
Austria,2010,390146.0
Azerbaijan,2010,52909.0
Bahamas,2010,10096.0
Bahrain,2010,26806.0
Bangladesh,2010,138094.0
Barbados,2010,5138.0
Belarus,2010,57220.0
Belgium,2010,481949.0
Belize,2010,1746.0
Benin,2010,9543.0
Bhutan,2010,1528.0
Bolivia,2010,19786.0
Bosnia and Herzegovina,2010,17176.0
Botswana,2010,12637.0
Brazil,2010,2208704.0
Brunei,2010,13707.0
Bulgaria,2010,50690.0
Burkina Faso,2010,10118.0
Burundi,2010,2032.0
Cape Verde,2010,1825.0
Cambodia,2010,13796.0
Cameroon,2010,27530.0
Canada,2010,1617345.0
Central African Republic,2010,2141.0
Chad,2010,14070.0
Chile,2010,217105.0
China,2010,6138992.0
Colombia,2010,286499.0
Comoros,2010,909.0
DR Congo,2010,22340.0
Republic of the Congo,2010,13159.0
Costa Rica,2010,37656.0
Ivory Coast,2010,34431.0
Croatia,2010,59032.0
Cyprus,2010,25821.0
Czech Republic,2010,211169.0
Denmark,2010,322346.0
Djibouti,2010,1544.0
Dominica,2010,494.0
Dominican Republic,2010,53862.0
Ecuador,2010,68151.0
Egypt,2010,230024.0
El Salvador,2010,18448.0
Equatorial Guinea,2010,16328.0
Eritrea,2010,1590.0
Estonia,2010,19569.0
Eswatini,2010,4438.0
Ethiopia,2010,26887.0
Fiji,2010,3402.0
Finland,2010,249633.0
France,2010,2648391.0
Gabon,2010,14384.0
Gambia,2010,1543.0
Georgia,2010,12425.0
Germany,2010,3470987.0
Ghana,2010,45447.0
Greece,2010,296660.0
Grenada,2010,771.0
Guatemala,2010,41493.0
Guinea,2010,6858.0
Guinea-Bissau,2010,941.0
Guyana,2010,2889.0
Haiti,2010,11852.0
Honduras,2010,15730.0
Hong Kong,2010,228639.0
Hungary,2010,131899.0
Iceland,2010,13751.0
India,2010,1675615.0
Indonesia,2010,755094.0
Iran,2010,517899.0
Iraq,2010,138517.0
Ireland,2010,222167.0
Israel,2010,239679.0
Italy,2010,2146687.0
Jamaica,2010,13193.0
Japan,2010,5759072.0
Jordan,2010,27134.0
Kazakhstan,2010,148047.0
Kenya,2010,45406.0
Kiribati,2010,166.0
South Korea,2010,1192722.0
Kosovo,2010,5348.0
Kuwait,2010,115401.0
Kyrgyzstan,2010,4794.0
Laos,2010,7506.0
Latvia,2010,23509.0
Lebanon,2010,38444.0
Lesotho,2010,2356.0
Liberia,2010,1966.0
Libya,2010,75381.0
Lithuania,2010,36693.0
Luxembourg,2010,56260.0
Macau,2010,28242.0
Madagascar,2010,9983.0
Malawi,2010,9796.0
Malaysia,2010,258640.0
Maldives,2010,2588.0
Mali,2010,10698.0
Malta,2010,9104.0
Marshall Islands,2010,161.0
Mauritania,2010,5637.0
Mauritius,2010,10138.0
Mexico,2010,1105424.0
Federated States of Micronesia,2010,292.0
Moldova,2010,6977.0
Mongolia,2010,7185.0
Montenegro,2010,4146.0
Morocco,2010,100881.0
Mozambique,2010,11412.0
Myanmar,2010,37851.0
Namibia,2010,11281.0
Nauru,2010,50.0
Nepal,2010,18253.0
Netherlands,2010,853161.0
New Zealand,2010,145736.0
Nicaragua,2010,8759.0
Niger,2010,7838.0
Nigeria,2010,374098.0
North Macedonia,2010,9415.0
Norway,2010,431052.0
Oman,2010,64994.0
Pakistan,2010,196712.0
Palau,2010,184.0
Panama,2010,30513.0
Papua New Guinea,2010,14251.0
Paraguay,2010,27129.0
Peru,2010,149230.0
Philippines,2010,208369.0
Poland,2010,478111.0
Portugal,2010,238639.0
Puerto Rico,2010,98381.0
Qatar,2010,119707.0
Romania,2010,170329.0
Russia,2010,1633111.0
Rwanda,2010,6124.0
Samoa,2010,680.0
San Marino,2010,1883.0
So Tom and Prncipe,2010,191.0
Saudi Arabia,2010,528207.0
Senegal,2010,16134.0
Serbia,2010,43067.0
Seychelles,2010,970.0
Sierra Leone,2010,4174.0
Singapore,2010,239808.0
Slovakia,2010,91187.0
Slovenia,2010,47832.0
Solomon Islands,2010,847.0
Somalia,2010,
South Africa,2010,417315.0
South Sudan,2010,
Spain,2010,1429155.0
Sri Lanka,2010,58643.0
Saint Kitts and Nevis,2010,779.0
Saint Lucia,2010,1483.0
Saint Vincent and the Grenadines,2010,720.0
Sudan,2010,65716.0
Suriname,2010,4677.0
Sweden,2010,492753.0
Switzerland,2010,598339.0
Syria,2010,60043.0
Taiwan,2010,444281.0
Tajikistan,2010,5642.0
Tanzania,2010,31860.0
Thailand,2010,341105.0
Timor-Leste,2010,882.0
Togo,2010,4750.0
Tonga,2010,367.0
Trinidad and Tobago,2010,22522.0
Tunisia,2010,46210.0
Turkey,2010,777443.0
Turkmenistan,2010,35164.0
Tuvalu,2010,33.0
Uganda,2010,24683.0
Ukraine,2010,136011.0
United Arab Emirates,2010,300189.0
United Kingdom,2010,2487924.0
United States,2010,15048975.0
Uruguay,2010,43967.0
Uzbekistan,2010,49772.0
Vanuatu,2010,652.0
Venezuela,2010,318281.0
Vietnam,2010,143212.0
Palestine,2010,9682.0
Yemen,2010,30907.0
Zambia,2010,20264.0
Zimbabwe,2010,12042.0
Afghanistan,2011,17890.0
Albania,2011,13052.0
Algeria,2011,218332.0
Andorra,2011,3625.0
Angola,2011,125552.0
Antigua and Barbuda,2011,1287.0
Argentina,2011,527644.0
Armenia,2011,10142.0
Aruba,2011,2638.0
Australia,2011,1515507.0
Austria,2011,428879.0
Azerbaijan,2011,65952.0
Bahamas,2011,10070.0
Bahrain,2011,29915.0
Bangladesh,2011,154097.0
Barbados,2011,5302.0
Belarus,2011,61368.0
Belgium,2011,527106.0
Belize,2011,1827.0
Benin,2011,10691.0
Bhutan,2011,1880.0
Bolivia,2011,24135.0
Bosnia and Herzegovina,2011,18644.0
Botswana,2011,15111.0
Brazil,2011,2614027.0
Brunei,2011,18525.0
Bulgaria,2011,57682.0
Burkina Faso,2011,12078.0
Burundi,2011,2236.0
Cape Verde,2011,2047.0
Cambodia,2011,16017.0
Cameroon,2011,30626.0
Canada,2011,1793327.0
Central African Republic,2011,2435.0
Chad,2011,16682.0
Chile,2011,251225.0
China,2011,7624861.0
Colombia,2011,334966.0
Comoros,2011,1023.0
DR Congo,2011,26406.0
Republic of the Congo,2011,15653.0
Costa Rica,2011,42762.0
Ivory Coast,2011,35529.0
Croatia,2011,62889.0
Cyprus,2011,27637.0
Czech Republic,2011,231429.0
Denmark,2011,344316.0
Djibouti,2011,1740.0
Dominica,2011,501.0
Dominican Republic,2011,58006.0
Ecuador,2011,78987.0
Egypt,2011,247726.0
El Salvador,2011,20284.0
Equatorial Guinea,2011,21354.0
Eritrea,2011,2065.0
Estonia,2011,23300.0
Eswatini,2011,4826.0
Ethiopia,2011,30480.0
Fiji,2011,4094.0
Finland,2011,275079.0
France,2011,2869903.0
Gabon,2011,18207.0
Gambia,2011,1410.0
Georgia,2011,15475.0
Germany,2011,3824155.0
Ghana,2011,53625.0
Greece,2011,283178.0
Grenada,2011,779.0
Guatemala,2011,47419.0
Guinea,2011,6775.0
Guinea-Bissau,2011,1157.0
Guyana,2011,3328.0
Haiti,2011,13009.0
Honduras,2011,17590.0
Hong Kong,2011,248514.0
Hungary,2011,141713.0
Iceland,2011,15222.0
India,2011,1823052.0
Indonesia,2011,892969.0
Iran,2011,625430.0
Iraq,2011,185750.0
Ireland,2011,241295.0
Israel,2011,268095.0
Italy,2011,2306568.0
Jamaica,2011,14413.0
Japan,2011,6233148.0
Jordan,2011,29524.0
Kazakhstan,2011,192626.0
Kenya,2011,46555.0
Kiribati,2011,196.0
South Korea,2011,1307239.0
Kosovo,2011,6340.0
Kuwait,2011,154020.0
Kyrgyzstan,2011,6198.0
Laos,2011,8964.0
Latvia,2011,26832.0
Lebanon,2011,39927.0
Lesotho,2011,2571.0
Liberia,2011,2340.0
Libya,2011,48170.0
Lithuania,2011,43201.0
Luxembourg,2011,61685.0
Macau,2011,36844.0
Madagascar,2011,11552.0
Malawi,2011,11241.0
Malaysia,2011,302184.0
Maldives,2011,2629.0
Mali,2011,12993.0
Malta,2011,9788.0
Marshall Islands,2011,172.0
Mauritania,2011,6782.0
Mauritius,2011,11673.0
Mexico,2011,1229014.0
Federated States of Micronesia,2011,308.0
Moldova,2011,8417.0
Mongolia,2011,10410.0
Montenegro,2011,4544.0
Morocco,2011,109705.0
Mozambique,2011,14619.0
Myanmar,2011,53250.0
Namibia,2011,12423.0
Nauru,2011,69.0
Nepal,2011,21685.0
Netherlands,2011,912980.0
New Zealand,2011,167167.0
Nicaragua,2011,9774.0
Niger,2011,8754.0
Nigeria,2011,419942.0
North Macedonia,2011,10499.0
Norway,2011,501361.0
Oman,2011,77497.0
Pakistan,2011,230577.0
Palau,2011,195.0
Panama,2011,35950.0
Papua New Guinea,2011,17985.0
Paraguay,2011,33737.0
Peru,2011,171369.0
Philippines,2011,234217.0
Poland,2011,527848.0
Portugal,2011,245383.0
Puerto Rico,2011,100352.0
Qatar,2011,167775.0
Romania,2011,192846.0
Russia,2011,2046621.0
Rwanda,2011,6885.0
Samoa,2011,744.0
San Marino,2011,1813.0
So Tom and Prncipe,2011,228.0
Saudi Arabia,2011,676635.0
Senegal,2011,17811.0
Serbia,2011,51274.0
Seychelles,2011,1018.0
Sierra Leone,2011,4799.0
Singapore,2011,279357.0
Slovakia,2011,99688.0
Slovenia,2011,51190.0
Solomon Islands,2011,1050.0
Somalia,2011,5022.0
South Africa,2011,458708.0
South Sudan,2011,17340.0
Spain,2011,1487307.0
Sri Lanka,2011,67725.0
Saint Kitts and Nevis,2011,836.0
Saint Lucia,2011,1569.0
Saint Vincent and the Grenadines,2011,713.0
Sudan,2011,66448.0
Suriname,2011,4735.0
Sweden,2011,570541.0
Switzerland,2011,715864.0
Syria,2011,
Taiwan,2011,483974.0
Tajikistan,2011,6523.0
Tanzania,2011,34369.0
Thailand,2011,370819.0
Timor-Leste,2011,1042.0
Togo,2011,5421.0
Tonga,2011,415.0
Trinidad and Tobago,2011,25789.0
Tunisia,2011,48122.0
Turkey,2011,837924.0
Turkmenistan,2011,44413.0
Tuvalu,2011,40.0
Uganda,2011,27501.0
Ukraine,2011,163059.0
United Arab Emirates,2011,360833.0
United Kingdom,2011,2664719.0
United States,2011,15599725.0
Uruguay,2011,52354.0
Uzbekistan,2011,60213.0
Vanuatu,2011,738.0
Venezuela,2011,316482.0
Vietnam,2011,171312.0
Palestine,2011,11186.0
Yemen,2011,32726.0
Zambia,2011,23455.0
Zimbabwe,2011,14102.0
Afghanistan,2012,20293.0
Albania,2012,12470.0
Algeria,2012,227144.0
Andorra,2012,3189.0
Angola,2012,143573.0
Antigua and Barbuda,2012,1365.0
Argentina,2012,579666.0
Armenia,2012,10619.0
Aruba,2012,2615.0
Australia,2012,1570139.0
Austria,2012,407008.0
Azerbaijan,2012,69684.0
Bahamas,2012,10720.0
Bahrain,2012,31963.0
Bangladesh,2012,159749.0
Barbados,2012,5233.0
Belarus,2012,65669.0
Belgium,2012,498731.0
Belize,2012,1909.0
Benin,2012,11148.0
Bhutan,2012,1967.0
Bolivia,2012,27282.0
Bosnia and Herzegovina,2012,17227.0
Botswana,2012,13907.0
Brazil,2012,2464053.0
Brunei,2012,19048.0
Bulgaria,2012,54297.0
Burkina Faso,2012,12569.0
Burundi,2012,2333.0
Cape Verde,2012,1913.0
Cambodia,2012,17829.0
Cameroon,2012,30174.0
Canada,2012,1828362.0
Central African Republic,2012,2512.0
Chad,2012,17904.0
Chile,2012,267165.0
China,2012,8682939.0
Colombia,2012,370692.0
Comoros,2012,1016.0
DR Congo,2012,30074.0
Republic of the Congo,2012,17704.0
Costa Rica,2012,47231.0
Ivory Coast,2012,37030.0
Croatia,2012,57585.0
Cyprus,2012,25063.0
Czech Republic,2012,210363.0
Denmark,2012,326793.0
Djibouti,2012,1901.0
Dominica,2012,486.0
Dominican Republic,2012,60627.0
Ecuador,2012,87735.0
Egypt,2012,294482.0
El Salvador,2012,21386.0
Equatorial Guinea,2012,22403.0
Eritrea,2012,2255.0
Estonia,2012,23252.0
Eswatini,2012,4887.0
Ethiopia,2012,42221.0
Fiji,2012,4303.0
Finland,2012,257606.0
France,2012,2684706.0
Gabon,2012,17181.0
Gambia,2012,1415.0
Georgia,2012,16894.0
Germany,2012,3600175.0
Ghana,2012,55800.0
Greece,2012,238992.0
Grenada,2012,800.0
Guatemala,2012,49902.0
Guinea,2012,7387.0
Guinea-Bissau,2012,1050.0
Guyana,2012,4063.0
Haiti,2012,13709.0
Honduras,2012,18399.0
Hong Kong,2012,262629.0
Hungary,2012,128470.0
Iceland,2012,14752.0
India,2012,1827637.0
Indonesia,2012,917870.0
Iran,2012,421882.0
Iraq,2012,218032.0
Ireland,2012,227415.0
Israel,2012,263591.0
Italy,2012,2099259.0
Jamaica,2012,14765.0
Japan,2012,6272362.0
Jordan,2012,31679.0
Kazakhstan,2012,207999.0
Kenya,2012,56407.0
Kiribati,2012,207.0
South Korea,2012,1335344.0
Kosovo,2012,6167.0
Kuwait,2012,174066.0
Kyrgyzstan,2012,6604.0
Laos,2012,10194.0
Latvia,2012,27136.0
Lebanon,2012,44017.0
Lesotho,2012,2465.0
Liberia,2012,2675.0
Libya,2012,92542.0
Lithuania,2012,42736.0
Luxembourg,2012,59814.0
Macau,2012,43190.0
Madagascar,2012,11579.0
Malawi,2012,8421.0
Malaysia,2012,318909.0
Maldives,2012,2885.0
Mali,2012,12450.0
Malta,2012,9616.0
Marshall Islands,2012,181.0
Mauritania,2012,6721.0
Mauritius,2012,11826.0
Mexico,2012,1255110.0
Federated States of Micronesia,2012,324.0
Moldova,2012,8708.0
Mongolia,2012,12278.0
Montenegro,2012,4090.0
Morocco,2012,106345.0
Mozambique,2012,16688.0
Myanmar,2012,58374.0
Namibia,2012,13016.0
Nauru,2012,101.0
Nepal,2012,21703.0
Netherlands,2012,846225.0
New Zealand,2012,175361.0
Nicaragua,2012,10532.0
Niger,2012,9412.0
Nigeria,2012,467157.0
North Macedonia,2012,9751.0
Norway,2012,512777.0
Oman,2012,87409.0
Pakistan,2012,250094.0
Palau,2012,215.0
Panama,2012,41902.0
Papua New Guinea,2012,21295.0
Paraguay,2012,33296.0
Peru,2012,193276.0
Philippines,2012,261920.0
Poland,2012,498149.0
Portugal,2012,216674.0
Puerto Rico,2012,101565.0
Qatar,2012,186834.0
Romania,2012,179228.0
Russia,2012,2191486.0
Rwanda,2012,7654.0
Samoa,2012,773.0
San Marino,2012,1606.0
So Tom and Prncipe,2012,231.0
Saudi Arabia,2012,741850.0
Senegal,2012,17672.0
Serbia,2012,45111.0
Seychelles,2012,1060.0
Sierra Leone,2012,5746.0
Singapore,2012,295093.0
Slovakia,2012,94784.0
Slovenia,2012,46196.0
Solomon Islands,2012,1185.0
Somalia,2012,5183.0
South Africa,2012,434400.0
South Sudan,2012,11267.0
Spain,2012,1331838.0
Sri Lanka,2012,70392.0
Saint Kitts and Nevis,2012,825.0
Saint Lucia,2012,1598.0
Saint Vincent and the Grenadines,2012,727.0
Sudan,2012,48948.0
Suriname,2012,5332.0
Sweden,2012,549742.0
Switzerland,2012,686553.0
Syria,2012,
Taiwan,2012,495610.0
Tajikistan,2012,7592.0
Tanzania,2012,39650.0
Thailand,2012,397558.0
Timor-Leste,2012,1160.0
Togo,2012,5417.0
Tonga,2012,427.0
Trinidad and Tobago,2012,27147.0
Tunisia,2012,47311.0
Turkey,2012,877681.0
Turkmenistan,2012,50252.0
Tuvalu,2012,39.0
Uganda,2012,30939.0
Ukraine,2012,175781.0
United Arab Emirates,2012,384610.0
United Kingdom,2012,2707571.0
United States,2012,16253950.0
Uruguay,2012,55938.0
Uzbekistan,2012,67520.0
Vanuatu,2012,736.0
Venezuela,2012,372592.0
Vietnam,2012,195169.0
Palestine,2012,12208.0
Yemen,2012,35401.0
Zambia,2012,25502.0
Zimbabwe,2012,17115.0
Afghanistan,2013,20170.0
Albania,2013,12936.0
Algeria,2013,229701.0
Andorra,2013,3193.0
Angola,2013,153761.0
Antigua and Barbuda,2013,1325.0
Argentina,2013,611471.0
Armenia,2013,11121.0
Aruba,2013,2728.0
Australia,2013,1519900.0
Austria,2013,426587.0
Azerbaijan,2013,74164.0
Bahamas,2013,10396.0
Bahrain,2013,33823.0
Bangladesh,2013,179676.0
Barbados,2013,5338.0
Belarus,2013,75496.0
Belgium,2013,524106.0
Belize,2013,2033.0
Benin,2013,12518.0
Bhutan,2013,1999.0
Bolivia,2013,30883.0
Bosnia and Herzegovina,2013,18179.0
Botswana,2013,14272.0
Brazil,2013,2471718.0
Brunei,2013,18094.0
Bulgaria,2013,55820.0
Burkina Faso,2013,13444.0
Burundi,2013,2456.0
Cape Verde,2013,2029.0
Cambodia,2013,19806.0
Cameroon,2013,33729.0
Canada,2013,1846595.0
Central African Republic,2013,1692.0
Chad,2013,17866.0
Chile,2013,277218.0
China,2013,9782784.0
Colombia,2013,382094.0
Comoros,2013,1116.0
DR Congo,2013,34908.0
Republic of the Congo,2013,17959.0
Costa Rica,2013,50949.0
Ivory Coast,2013,43228.0
Croatia,2013,59854.0
Cyprus,2013,23960.0
Czech Republic,2013,213024.0
Denmark,2013,344631.0
Djibouti,2013,2044.0
Dominica,2013,498.0
Dominican Republic,2013,62631.0
Ecuador,2013,96570.0
Egypt,2013,303194.0
El Salvador,2013,21991.0
Equatorial Guinea,2013,21949.0
Eritrea,2013,1958.0
Estonia,2013,25451.0
Eswatini,2013,4600.0
Ethiopia,2013,46544.0
Fiji,2013,4539.0
Finland,2013,270272.0
France,2013,2816119.0
Gabon,2013,17596.0
Gambia,2013,1376.0
Georgia,2013,17516.0
Germany,2013,3808142.0
Ghana,2013,62846.0
Greece,2013,236560.0
Grenada,2013,843.0
Guatemala,2013,52989.0
Guinea,2013,8376.0
Guinea-Bissau,2013,1110.0
Guyana,2013,4168.0
Haiti,2013,14904.0
Honduras,2013,18370.0
Hong Kong,2013,275697.0
Hungary,2013,135646.0
Iceland,2013,16125.0
India,2013,1856721.0
Indonesia,2013,912524.0
Iran,2013,428321.0
Iraq,2013,234638.0
Ireland,2013,243305.0
Israel,2013,298479.0
Italy,2013,2153259.0
Jamaica,2013,14213.0
Japan,2013,5212328.0
Jordan,2013,34503.0
Kazakhstan,2013,236635.0
Kenya,2013,61703.0
Kiribati,2013,202.0
South Korea,2013,1434670.0
Kosovo,2013,6735.0
Kuwait,2013,174179.0
Kyrgyzstan,2013,7335.0
Laos,2013,11972.0
Latvia,2013,29157.0
Lebanon,2013,46880.0
Lesotho,2013,2345.0
Liberia,2013,3044.0
Libya,2013,75355.0
Lithuania,2013,46321.0
Luxembourg,2013,65204.0
Macau,2013,51536.0
Madagascar,2013,12424.0
Malawi,2013,7648.0
Malaysia,2013,327869.0
Maldives,2013,3286.0
Mali,2013,13243.0
Malta,2013,10797.0
Marshall Islands,2013,186.0
Mauritania,2013,7331.0
Mauritius,2013,12293.0
Mexico,2013,1327436.0
Federated States of Micronesia,2013,314.0
Moldova,2013,9496.0
Mongolia,2013,12582.0
Montenegro,2013,4466.0
Morocco,2013,115608.0
Mozambique,2013,17198.0
Myanmar,2013,62656.0
Namibia,2013,12168.0
Nauru,2013,89.0
Nepal,2013,22162.0
Netherlands,2013,883964.0
New Zealand,2013,187292.0
Nicaragua,2013,10983.0
Niger,2013,10206.0
Nigeria,2013,521861.0
North Macedonia,2013,10824.0
Norway,2013,526014.0
Oman,2013,89936.0
Pakistan,2013,258674.0
Palau,2013,226.0
Panama,2013,47261.0
Papua New Guinea,2013,21261.0
Paraguay,2013,38651.0
Peru,2013,203042.0
Philippines,2013,283903.0
Poland,2013,518180.0
Portugal,2013,226681.0
Puerto Rico,2013,102450.0
Qatar,2013,198728.0
Romania,2013,189839.0
Russia,2013,2288428.0
Rwanda,2013,7821.0
Samoa,2013,798.0
San Marino,2013,1678.0
So Tom and Prncipe,2013,269.0
Saudi Arabia,2013,753864.0
Senegal,2013,18919.0
Serbia,2013,50456.0
Seychelles,2013,1328.0
Sierra Leone,2013,6736.0
Singapore,2013,307576.0
Slovakia,2013,99136.0
Slovenia,2013,47868.0
Solomon Islands,2013,1286.0
Somalia,2013,5869.0
South Africa,2013,400877.0
South Sudan,2013,14947.0
Spain,2013,1362207.0
Sri Lanka,2013,76934.0
Saint Kitts and Nevis,2013,875.0
Saint Lucia,2013,1660.0
Saint Vincent and the Grenadines,2013,766.0
Sudan,2013,52892.0
Suriname,2013,5510.0
Sweden,2013,584128.0
Switzerland,2013,706748.0
Syria,2013,
Taiwan,2013,512943.0
Tajikistan,2013,8506.0
Tanzania,2013,45677.0
Thailand,2013,420334.0
Timor-Leste,2013,1396.0
Togo,2013,6022.0
Tonga,2013,452.0
Trinidad and Tobago,2013,28561.0
Tunisia,2013,48681.0
Turkey,2013,958088.0
Turkmenistan,2013,50863.0
Tuvalu,2013,39.0
Uganda,2013,32331.0
Ukraine,2013,183310.0
United Arab Emirates,2013,400219.0
United Kingdom,2013,2786665.0
United States,2013,16880675.0
Uruguay,2013,62857.0
Uzbekistan,2013,73192.0
Vanuatu,2013,755.0
Venezuela,2013,258931.0
Vietnam,2013,212728.0
Palestine,2013,13516.0
Yemen,2013,40415.0
Zambia,2013,28042.0
Zimbabwe,2013,19091.0
Afghanistan,2014,20616.0
Albania,2014,13404.0
Algeria,2014,238943.0
Andorra,2014,3267.0
Angola,2014,164448.0
Antigua and Barbuda,2014,1379.0
Argentina,2014,563614.0
Armenia,2014,11610.0
Aruba,2014,2791.0
Australia,2014,1456939.0
Austria,2014,438669.0
Azerbaijan,2014,75235.0
Bahamas,2014,10974.0
Bahrain,2014,34773.0
Bangladesh,2014,207102.0
Barbados,2014,5366.0
Belarus,2014,78736.0
Belgium,2014,538127.0
Belize,2014,2138.0
Benin,2014,13288.0
Bhutan,2014,1963.0
Bolivia,2014,33237.0
Bosnia and Herzegovina,2014,18559.0
Botswana,2014,15470.0
Brazil,2014,2456055.0
Brunei,2014,17098.0
Bulgaria,2014,57081.0
Burkina Faso,2014,13947.0
Burundi,2014,2706.0
Cape Verde,2014,2042.0
Cambodia,2014,22040.0
Cameroon,2014,36396.0
Canada,2014,1805751.0
Central African Republic,2014,1896.0
Chad,2014,18149.0
Chile,2014,259394.0
China,2014,10701415.0
Colombia,2014,381241.0
Comoros,2014,1150.0
DR Congo,2014,38355.0
Republic of the Congo,2014,17918.0
Costa Rica,2014,52017.0
Ivory Coast,2014,48882.0
Croatia,2014,59628.0
Cyprus,2014,23232.0
Czech Republic,2014,210911.0
Denmark,2014,352833.0
Djibouti,2014,2221.0
Dominica,2014,520.0
Dominican Republic,2014,67098.0
Ecuador,2014,102718.0
Egypt,2014,321634.0
El Salvador,2014,22593.0
Equatorial Guinea,2014,21771.0
Eritrea,2014,2604.0
Estonia,2014,27063.0
Eswatini,2014,4426.0
Ethiopia,2014,54165.0
Fiji,2014,4857.0
Finland,2014,273549.0
France,2014,2861973.0
Gabon,2014,18209.0
Gambia,2014,1229.0
Georgia,2014,17966.0
Germany,2014,3966823.0
Ghana,2014,54678.0
Greece,2014,233972.0
Grenada,2014,911.0
Guatemala,2014,57835.0
Guinea,2014,8777.0
Guinea-Bissau,2014,1136.0
Guyana,2014,4128.0
Haiti,2014,15137.0
Honduras,2014,19617.0
Hong Kong,2014,291460.0
Hungary,2014,141129.0
Iceland,2014,17868.0
India,2014,2039127.0
Indonesia,2014,890815.0
Iran,2014,460809.0
Iraq,2014,234651.0
Ireland,2014,266857.0
Israel,2014,315019.0
Italy,2014,2173815.0
Jamaica,2014,13865.0
Japan,2014,4896995.0
Jordan,2014,36900.0
Kazakhstan,2014,221416.0
Kenya,2014,68395.0
Kiribati,2014,201.0
South Korea,2014,1556252.0
Kosovo,2014,7076.0
Kuwait,2014,162695.0
Kyrgyzstan,2014,7467.0
Laos,2014,13266.0
Latvia,2014,30285.0
Lebanon,2014,48095.0
Lesotho,2014,2477.0
Liberia,2014,3090.0
Libya,2014,57384.0
Lithuania,2014,48388.0
Luxembourg,2014,68823.0
Macau,2014,54903.0
Madagascar,2014,12523.0
Malawi,2014,8526.0
Malaysia,2014,342868.0
Maldives,2014,3690.0
Mali,2014,14369.0
Malta,2014,11891.0
Marshall Islands,2014,186.0
Mauritania,2014,6615.0
Mauritius,2014,13074.0
Mexico,2014,1364508.0
Federated States of Micronesia,2014,316.0
Moldova,2014,9402.0
Mongolia,2014,12227.0
Montenegro,2014,4595.0
Morocco,2014,119131.0
Mozambique,2014,17978.0
Myanmar,2014,53250.0
Namibia,2014,12434.0
Nauru,2014,97.0
Nepal,2014,22722.0
Netherlands,2014,901789.0
New Zealand,2014,200305.0
Nicaragua,2014,11880.0
Niger,2014,10830.0
Nigeria,2014,576004.0
North Macedonia,2014,11378.0
Norway,2014,501737.0
Oman,2014,92699.0
Pakistan,2014,271422.0
Palau,2014,245.0
Panama,2014,51740.0
Papua New Guinea,2014,23211.0
Paraguay,2014,40378.0
Peru,2014,203785.0
Philippines,2014,297484.0
Poland,2014,542266.0
Portugal,2014,230138.0
Puerto Rico,2014,102446.0
Qatar,2014,206225.0
Romania,2014,199989.0
Russia,2014,2048837.0
Rwanda,2014,8240.0
Samoa,2014,797.0
San Marino,2014,1674.0
So Tom and Prncipe,2014,295.0
Saudi Arabia,2014,766606.0
Senegal,2014,19802.0
Serbia,2014,49114.0
Seychelles,2014,1388.0
Sierra Leone,2014,6521.0
Singapore,2014,314864.0
Slovakia,2014,101739.0
Slovenia,2014,49527.0
Solomon Islands,2014,1336.0
Somalia,2014,6443.0
South Africa,2014,381195.0
South Sudan,2014,15178.0
Spain,2014,1380600.0
Sri Lanka,2014,82483.0
Saint Kitts and Nevis,2014,953.0
Saint Lucia,2014,1749.0
Saint Vincent and the Grenadines,2014,771.0
Sudan,2014,60726.0
Suriname,2014,5612.0
Sweden,2014,577730.0
Switzerland,2014,726634.0
Syria,2014,
Taiwan,2014,535328.0
Tajikistan,2014,9242.0
Tanzania,2014,49982.0
Thailand,2014,407339.0
Timor-Leste,2014,1448.0
Togo,2014,6395.0
Tonga,2014,441.0
Trinidad and Tobago,2014,29474.0
Tunisia,2014,50273.0
Turkey,2014,939924.0
Turkmenistan,2014,56204.0
Tuvalu,2014,39.0
Uganda,2014,34754.0
Ukraine,2014,133392.0
United Arab Emirates,2014,414105.0
United Kingdom,2014,3066304.0
United States,2014,17608125.0
Uruguay,2014,62546.0
Uzbekistan,2014,80848.0
Vanuatu,2014,775.0
Venezuela,2014,214690.0
Vietnam,2014,232888.0
Palestine,2014,13990.0
Yemen,2014,43229.0
Zambia,2014,27145.0
Zimbabwe,2014,19496.0
Afghanistan,2015,20057.0
Albania,2015,11525.0
Algeria,2015,187494.0
Andorra,2015,2789.0
Angola,2015,131661.0
Antigua and Barbuda,2015,1437.0
Argentina,2015,642464.0
Armenia,2015,10553.0
Aruba,2015,2963.0
Australia,2015,1233921.0
Austria,2015,379584.0
Azerbaijan,2015,52997.0
Bahamas,2015,11672.0
Bahrain,2015,32523.0
Bangladesh,2015,233687.0
Barbados,2015,5288.0
Belarus,2015,56329.0
Belgium,2015,461091.0
Belize,2015,2193.0
Benin,2015,11389.0
Bhutan,2015,2159.0
Bolivia,2015,33241.0
Bosnia and Herzegovina,2015,16404.0
Botswana,2015,13531.0
Brazil,2015,1800046.0
Brunei,2015,12930.0
Bulgaria,2015,50766.0
Burkina Faso,2015,11833.0
Burundi,2015,3104.0
Cape Verde,2015,1750.0
Cambodia,2015,24217.0
Cameroon,2015,32213.0
Canada,2015,1556508.0
Central African Republic,2015,1696.0
Chad,2015,14561.0
Chile,2015,242515.0
China,2015,11307226.0
Colombia,2015,293493.0
Comoros,2015,966.0
DR Congo,2015,40154.0
Republic of the Congo,2015,11891.0
Costa Rica,2015,56442.0
Ivory Coast,2015,45815.0
Croatia,2015,51012.0
Cyprus,2015,19911.0
Czech Republic,2015,189108.0
Denmark,2015,301759.0
Djibouti,2015,2424.0
Dominica,2015,541.0
Dominican Republic,2015,71056.0
Ecuador,2015,97210.0
Egypt,2015,350119.0
El Salvador,2015,23438.0
Equatorial Guinea,2015,13187.0
Eritrea,2015,2016.0
Estonia,2015,23314.0
Eswatini,2015,4061.0
Ethiopia,2015,63081.0
Fiji,2015,4682.0
Finland,2015,233234.0
France,2015,2442731.0
Gabon,2015,14385.0
Gambia,2015,1355.0
Georgia,2015,15223.0
Germany,2015,3423915.0
Ghana,2015,49437.0
Greece,2015,194587.0
Grenada,2015,997.0
Guatemala,2015,62180.0
Guinea,2015,8790.0
Guinea-Bissau,2015,1153.0
Guyana,2015,4280.0
Haiti,2015,14831.0
Honduras,2015,20834.0
Hong Kong,2015,309386.0
Hungary,2015,125244.0
Iceland,2015,17517.0
India,2015,2103588.0
Indonesia,2015,860854.0
Iran,2015,408288.0
Iraq,2015,177634.0
Ireland,2015,302422.0
Israel,2015,303469.0
Italy,2015,1845615.0
Jamaica,2015,14154.0
Japan,2015,4444931.0
Jordan,2015,38642.0
Kazakhstan,2015,184388.0
Kenya,2015,70370.0
Kiribati,2015,192.0
South Korea,2015,1539212.0
Kosovo,2015,6296.0
Kuwait,2015,114606.0
Kyrgyzstan,2015,6678.0
Laos,2015,14418.0
Latvia,2015,26347.0
Lebanon,2015,49929.0
Lesotho,2015,2202.0
Liberia,2015,3092.0
Libya,2015,48718.0
Lithuania,2015,41548.0
Luxembourg,2015,60078.0
Macau,2015,45048.0
Madagascar,2015,11323.0
Malawi,2015,9014.0
Malaysia,2015,301355.0
Maldives,2015,4118.0
Mali,2015,13106.0
Malta,2015,11342.0
Marshall Islands,2015,184.0
Mauritania,2015,6182.0
Mauritius,2015,12007.0
Mexico,2015,1213294.0
Federated States of Micronesia,2015,312.0
Moldova,2015,7778.0
Mongolia,2015,11620.0
Montenegro,2015,4055.0
Morocco,2015,110414.0
Mozambique,2015,16209.0
Myanmar,2015,57338.0
Namibia,2015,11450.0
Nauru,2015,76.0
Nepal,2015,24361.0
Netherlands,2015,775822.0
New Zealand,2015,176455.0
Nicaragua,2015,12757.0
Niger,2015,9684.0
Nigeria,2015,494307.0
North Macedonia,2015,10067.0
Norway,2015,388160.0
Oman,2015,78711.0
Pakistan,2015,299930.0
Palau,2015,283.0
Panama,2015,56062.0
Papua New Guinea,2015,21723.0
Paraguay,2015,36211.0
Peru,2015,192850.0
Philippines,2015,306446.0
Poland,2015,479729.0
Portugal,2015,199059.0
Puerto Rico,2015,103376.0
Qatar,2015,161740.0
Romania,2015,177878.0
Russia,2015,1356703.0
Rwanda,2015,8546.0
Samoa,2015,824.0
San Marino,2015,1420.0
So Tom and Prncipe,2015,262.0
Saudi Arabia,2015,669485.0
Senegal,2015,17777.0
Serbia,2015,41297.0
Seychelles,2015,1432.0
Sierra Leone,2015,6750.0
Singapore,2015,307999.0
Slovakia,2015,89188.0
Slovenia,2015,42714.0
Solomon Islands,2015,1308.0
Somalia,2015,6841.0
South Africa,2015,346663.0
South Sudan,2015,15326.0
Spain,2015,1206287.0
Sri Lanka,2015,85091.0
Saint Kitts and Nevis,2015,957.0
Saint Lucia,2015,1808.0
Saint Vincent and the Grenadines,2015,786.0
Sudan,2015,64534.0
Suriname,2015,5126.0
Sweden,2015,501698.0
Switzerland,2015,693805.0
Syria,2015,
Taiwan,2015,534515.0
Tajikistan,2015,7857.0
Tanzania,2015,47424.0
Thailand,2015,401296.0
Timor-Leste,2015,1590.0
Togo,2015,5756.0
Tonga,2015,438.0
Trinidad and Tobago,2015,26841.0
Tunisia,2015,45779.0
Turkey,2015,867054.0
Turkmenistan,2015,44944.0
Tuvalu,2015,37.0
Uganda,2015,30122.0
Ukraine,2015,90922.0
United Arab Emirates,2015,370276.0
United Kingdom,2015,2928558.0
United States,2015,18295000.0
Uruguay,2015,58218.0
Uzbekistan,2015,85662.0
Vanuatu,2015,774.0
Venezuela,2015,125449.0
Vietnam,2015,236795.0
Palestine,2015,13972.0
Yemen,2015,42444.0
Zambia,2015,21245.0
Zimbabwe,2015,19963.0
Afghanistan,2016,18020.0
Albania,2016,12003.0
Algeria,2016,180764.0
Andorra,2016,2895.0
Angola,2016,114764.0
Antigua and Barbuda,2016,1490.0
Argentina,2016,556774.0
Armenia,2016,10546.0
Aruba,2016,2984.0
Australia,2016,1262655.0
Austria,2016,393579.0
Azerbaijan,2016,37830.0
Bahamas,2016,11745.0
Bahrain,2016,33885.0
Bangladesh,2016,265236.0
Barbados,2016,5331.0
Belarus,2016,47703.0
Belgium,2016,474141.0
Belize,2016,2240.0
Benin,2016,11818.0
Bhutan,2016,2252.0
Bolivia,2016,34189.0
Bosnia and Herzegovina,2016,17117.0
Botswana,2016,15083.0
Brazil,2016,1796622.0
Brunei,2016,11400.0
Bulgaria,2016,53929.0
Burkina Faso,2016,12829.0
Burundi,2016,2960.0
Cape Verde,2016,1850.0
Cambodia,2016,26591.0
Cameroon,2016,33805.0
Canada,2016,1527996.0
Central African Republic,2016,1825.0
Chad,2016,13023.0
Chile,2016,249306.0
China,2016,11448003.0
Colombia,2016,282720.0
Comoros,2016,1013.0
DR Congo,2016,38086.0
Republic of the Congo,2016,10928.0
Costa Rica,2016,58847.0
Ivory Coast,2016,48408.0
Croatia,2016,52640.0
Cyprus,2016,21041.0
Czech Republic,2016,198161.0
Denmark,2016,312182.0
Djibouti,2016,2605.0
Dominica,2016,576.0
Dominican Republic,2016,75625.0
Ecuador,2016,97671.0
Egypt,2016,351443.0
El Salvador,2016,24191.0
Equatorial Guinea,2016,11238.0
Eritrea,2016,2213.0
Estonia,2016,24554.0
Eswatini,2016,3815.0
Ethiopia,2016,72120.0
Fiji,2016,4930.0
Finland,2016,238712.0
France,2016,2469726.0
Gabon,2016,14020.0
Gambia,2016,1470.0
Georgia,2016,15445.0
Germany,2016,3536808.0
Ghana,2016,56144.0
Greece,2016,193044.0
Grenada,2016,1062.0
Guatemala,2016,66034.0
Guinea,2016,8604.0
Guinea-Bissau,2016,1245.0
Guyana,2016,4483.0
Haiti,2016,13996.0
Honduras,2016,21564.0
Hong Kong,2016,320860.0
Hungary,2016,128984.0
Iceland,2016,20793.0
India,2016,2294797.0
Indonesia,2016,931877.0
Iran,2016,458042.0
Iraq,2016,168429.0
Ireland,2016,305649.0
Israel,2016,321941.0
Italy,2016,1886590.0
Jamaica,2016,14108.0
Japan,2016,5003678.0
Jordan,2016,39949.0
Kazakhstan,2016,137278.0
Kenya,2016,74816.0
Kiribati,2016,207.0
South Korea,2016,1578816.0
Kosovo,2016,6681.0
Kuwait,2016,109399.0
Kyrgyzstan,2016,6813.0
Laos,2016,15904.0
Latvia,2016,27110.0
Lebanon,2016,51150.0
Lesotho,2016,2206.0
Liberia,2016,3256.0
Libya,2016,49913.0
Lithuania,2016,42952.0
Luxembourg,2016,62200.0
Macau,2016,45071.0
Madagascar,2016,11849.0
Malawi,2016,7733.0
Malaysia,2016,301256.0
Maldives,2016,4398.0
Mali,2016,14022.0
Malta,2016,12022.0
Marshall Islands,2016,202.0
Mauritania,2016,6414.0
Mauritius,2016,12594.0
Mexico,2016,1112233.0
Federated States of Micronesia,2016,327.0
Moldova,2016,7981.0
Mongolia,2016,11154.0
Montenegro,2016,4376.0
Morocco,2016,111573.0
Mozambique,2016,12069.0
Myanmar,2016,58808.0
Namibia,2016,10719.0
Nauru,2016,100.0
Nepal,2016,24524.0
Netherlands,2016,796944.0
New Zealand,2016,186081.0
Nicaragua,2016,13286.0
Niger,2016,10350.0
Nigeria,2016,405019.0
North Macedonia,2016,10686.0
Norway,2016,370957.0
Oman,2016,75129.0
Pakistan,2016,313623.0
Palau,2016,303.0
Panama,2016,60017.0
Papua New Guinea,2016,20759.0
Paraguay,2016,36090.0
Peru,2016,196348.0
Philippines,2016,318627.0
Poland,2016,472883.0
Portugal,2016,206249.0
Puerto Rico,2016,104337.0
Qatar,2016,151732.0
Romania,2016,185337.0
Russia,2016,1280648.0
Rwanda,2016,8695.0
Samoa,2016,844.0
San Marino,2016,1468.0
So Tom and Prncipe,2016,294.0
Saudi Arabia,2016,666000.0
Senegal,2016,19035.0
Serbia,2016,42225.0
Seychelles,2016,1568.0
Sierra Leone,2016,6038.0
Singapore,2016,319646.0
Slovakia,2016,90322.0
Slovenia,2016,44279.0
Solomon Islands,2016,1379.0
Somalia,2016,7391.0
South Africa,2016,323493.0
South Sudan,2016,2419.0
Spain,2016,1242673.0
Sri Lanka,2016,88000.0
Saint Kitts and Nevis,2016,1007.0
Saint Lucia,2016,1869.0
Saint Vincent and the Grenadines,2016,814.0
Sudan,2016,64888.0
Suriname,2016,3317.0
Sweden,2016,514218.0
Switzerland,2016,687771.0
Syria,2016,
Taiwan,2016,543081.0
Tajikistan,2016,6994.0
Tanzania,2016,49774.0
Thailand,2016,413366.0
Timor-Leste,2016,1640.0
Togo,2016,6069.0
Tonga,2016,421.0
Trinidad and Tobago,2016,23624.0
Tunisia,2016,44360.0
Turkey,2016,869204.0
Turkmenistan,2016,42876.0
Tuvalu,2016,41.0
Uganda,2016,30232.0
Ukraine,2016,93349.0
United Arab Emirates,2016,369255.0
United Kingdom,2016,2699086.0
United States,2016,18804900.0
Uruguay,2016,57580.0
Uzbekistan,2016,85658.0
Vanuatu,2016,798.0
Venezuela,2016,112915.0
Vietnam,2016,252146.0
Palestine,2016,15405.0
Yemen,2016,31318.0
Zambia,2016,20965.0
Zimbabwe,2016,20549.0
Afghanistan,2017,18883.0
Albania,2017,13209.0
Algeria,2017,190004.0
Andorra,2017,2993.0
Angola,2017,139835.0
Antigua and Barbuda,2017,1535.0
Argentina,2017,643861.0
Armenia,2017,11527.0
Aruba,2017,3092.0
Australia,2017,1381110.0
Austria,2017,414780.0
Azerbaijan,2017,41375.0
Bahamas,2017,12237.0
Bahrain,2017,37205.0
Bangladesh,2017,293755.0
Barbados,2017,5517.0
Belarus,2017,54723.0
Belgium,2017,500733.0
Belize,2017,2266.0
Benin,2017,12697.0
Bhutan,2017,2462.0
Bolivia,2017,37782.0
Bosnia and Herzegovina,2017,18326.0
Botswana,2017,16105.0
Brazil,2017,2063519.0
Brunei,2017,12128.0
Bulgaria,2017,59288.0
Burkina Faso,2017,14094.0
Burundi,2017,3172.0
Cape Verde,2017,1997.0
Cambodia,2017,29394.0
Cameroon,2017,36086.0
Canada,2017,1649266.0
Central African Republic,2017,2072.0
Chad,2017,13344.0
Chile,2017,276357.0
China,2017,12503299.0
Colombia,2017,311890.0
Comoros,2017,1077.0
DR Congo,2017,39461.0
Republic of the Congo,2017,11830.0
Costa Rica,2017,60517.0
Ivory Coast,2017,52512.0
Croatia,2017,56166.0
Cyprus,2017,22938.0
Czech Republic,2017,221564.0
Denmark,2017,331611.0
Djibouti,2017,2763.0
Dominica,2017,522.0
Dominican Republic,2017,79153.0
Ecuador,2017,104467.0
Egypt,2017,246826.0
El Salvador,2017,24979.0
Equatorial Guinea,2017,12197.0
Eritrea,2017,1904.0
Estonia,2017,27460.0
Eswatini,2017,4407.0
Ethiopia,2017,76841.0
Fiji,2017,5353.0
Finland,2017,253757.0
France,2017,2587955.0
Gabon,2017,14924.0
Gambia,2017,1498.0
Georgia,2017,16472.0
Germany,2017,3761764.0
Ghana,2017,60385.0
Greece,2017,200310.0
Grenada,2017,1126.0
Guatemala,2017,71624.0
Guinea,2017,10325.0
Guinea-Bissau,2017,1469.0
Guyana,2017,4748.0
Haiti,2017,15036.0
Honduras,2017,22982.0
Hong Kong,2017,341271.0
Hungary,2017,143335.0
Iceland,2017,24728.0
India,2017,2651474.0
Indonesia,2017,1015619.0
Iran,2017,486829.0
Iraq,2017,190048.0
Ireland,2017,348411.0
Israel,2017,358453.0
Italy,2017,1970027.0
Jamaica,2017,14755.0
Japan,2017,4930837.0
Jordan,2017,41667.0
Kazakhstan,2017,166806.0
Kenya,2017,81965.0
Kiribati,2017,223.0
South Korea,2017,1710197.0
Kosovo,2017,7178.0
Kuwait,2017,120688.0
Kyrgyzstan,2017,7703.0
Laos,2017,17055.0
Latvia,2017,29381.0
Lebanon,2017,53030.0
Lesotho,2017,2424.0
Liberia,2017,3321.0
Libya,2017,67153.0
Lithuania,2017,47745.0
Luxembourg,2017,65689.0
Macau,2017,50384.0
Madagascar,2017,13176.0
Malawi,2017,8943.0
Malaysia,2017,319109.0
Maldives,2017,4809.0
Mali,2017,15360.0
Malta,2017,14156.0
Marshall Islands,2017,214.0
Mauritania,2017,6826.0
Mauritius,2017,13714.0
Mexico,2017,1190721.0
Federated States of Micronesia,2017,361.0
Moldova,2017,9515.0
Mongolia,2017,11481.0
Montenegro,2017,4855.0
Morocco,2017,118541.0
Mozambique,2017,13265.0
Myanmar,2017,60285.0
Namibia,2017,12883.0
Nauru,2017,109.0
Nepal,2017,28972.0
Netherlands,2017,847934.0
New Zealand,2017,203819.0
Nicaragua,2017,13786.0
Niger,2017,11181.0
Nigeria,2017,375756.0
North Macedonia,2017,11336.0
Norway,2017,401745.0
Oman,2017,80857.0
Pakistan,2017,339229.0
Palau,2017,290.0
Panama,2017,64468.0
Papua New Guinea,2017,22743.0
Paraguay,2017,38997.0
Peru,2017,216578.0
Philippines,2017,328481.0
Poland,2017,528497.0
Portugal,2017,220785.0
Puerto Rico,2017,103446.0
Qatar,2017,161099.0
Romania,2017,210530.0
Russia,2017,1575140.0
Rwanda,2017,9253.0
Samoa,2017,885.0
San Marino,2017,1528.0
So Tom and Prncipe,2017,325.0
Saudi Arabia,2017,714994.0
Senegal,2017,20989.0
Serbia,2017,45973.0
Seychelles,2017,1675.0
Sierra Leone,2017,5823.0
Singapore,2017,343673.0
Slovakia,2017,95944.0
Slovenia,2017,48136.0
Solomon Islands,2017,1470.0
Somalia,2017,8252.0
South Africa,2017,381317.0
South Sudan,2017,1302.0
Spain,2017,1321288.0
Sri Lanka,2017,94376.0
Saint Kitts and Nevis,2017,1058.0
Saint Lucia,2017,1999.0
Saint Vincent and the Grenadines,2017,844.0
Sudan,2017,48906.0
Suriname,2017,3592.0
Sweden,2017,536084.0
Switzerland,2017,695544.0
Syria,2017,
Taiwan,2017,591687.0
Tajikistan,2017,7535.0
Tanzania,2017,54000.0
Thailand,2017,456357.0
Timor-Leste,2017,1585.0
Togo,2017,6385.0
Tonga,2017,460.0
Trinidad and Tobago,2017,23848.0
Tunisia,2017,42167.0
Turkey,2017,859020.0
Turkmenistan,2017,45902.0
Tuvalu,2017,45.0
Uganda,2017,31589.0
Ukraine,2017,112064.0
United Arab Emirates,2017,390517.0
United Kingdom,2017,2682384.0
United States,2017,19612100.0
Uruguay,2017,65068.0
Uzbekistan,2017,69703.0
Vanuatu,2017,880.0
Venezuela,2017,115883.0
Vietnam,2017,277071.0
Palestine,2017,16128.0
Yemen,2017,26842.0
Zambia,2017,25874.0
Zimbabwe,2017,22040.0
Afghanistan,2018,18336.0
Albania,2018,15337.0
Algeria,2018,194507.0
Andorra,2018,3217.0
Angola,2018,114189.0
Antigua and Barbuda,2018,1662.0
Argentina,2018,524431.0
Armenia,2018,12458.0
Aruba,2018,3276.0
Australia,2018,1417162.0
Austria,2018,452787.0
Azerbaijan,2018,47113.0
Bahamas,2018,12616.0
Bahrain,2018,39568.0
Bangladesh,2018,321379.0
Barbados,2018,5630.0
Belarus,2018,60011.0
Belgium,2018,542885.0
Belize,2018,2293.0
Benin,2018,14257.0
Bhutan,2018,2651.0
Bolivia,2018,40581.0
Bosnia and Herzegovina,2018,20484.0
Botswana,2018,17032.0
Brazil,2018,1916934.0
Brunei,2018,13567.0
Bulgaria,2018,66318.0
Burkina Faso,2018,15916.0
Burundi,2018,3037.0
Cape Verde,2018,2205.0
Cambodia,2018,33181.0
Cameroon,2018,39992.0
Canada,2018,1725300.0
Central African Republic,2018,2280.0
Chad,2018,15334.0
Chile,2018,295428.0
China,2018,14110963.0
Colombia,2018,334124.0
Comoros,2018,1179.0
DR Congo,2018,48037.0
Republic of the Congo,2018,14781.0
Costa Rica,2018,62422.0
Ivory Coast,2018,58522.0
Croatia,2018,61694.0
Cyprus,2018,25766.0
Czech Republic,2018,251992.0
Denmark,2018,355293.0
Djibouti,2018,2913.0
Dominica,2018,555.0
Dominican Republic,2018,85068.0
Ecuador,2018,107479.0
Egypt,2018,263156.0
El Salvador,2018,26021.0
Equatorial Guinea,2018,13309.0
Eritrea,2018,2006.0
Estonia,2018,31237.0
Eswatini,2018,4667.0
Ethiopia,2018,80207.0
Fiji,2018,5581.0
Finland,2018,273993.0
France,2018,2782838.0
Gabon,2018,16830.0
Gambia,2018,1662.0
Georgia,2018,17905.0
Germany,2018,4053846.0
Ghana,2018,67259.0
Greece,2018,213396.0
Grenada,2018,1167.0
Guatemala,2018,73331.0
Guinea,2018,11857.0
Guinea-Bissau,2018,1555.0
Guyana,2018,4788.0
Haiti,2018,16454.0
Honduras,2018,23907.0
Hong Kong,2018,361731.0
Hungary,2018,161185.0
Iceland,2018,26261.0
India,2018,2702930.0
Indonesia,2018,1042272.0
Iran,2018,332846.0
Iraq,2018,230189.0
Ireland,2018,395641.0
Israel,2018,376301.0
Italy,2018,2100387.0
Jamaica,2018,15648.0
Japan,2018,5040881.0
Jordan,2018,43432.0
Kazakhstan,2018,179340.0
Kenya,2018,92211.0
Kiribati,2018,234.0
South Korea,2018,1824251.0
Kosovo,2018,7882.0
Kuwait,2018,138655.0
Kyrgyzstan,2018,8271.0
Laos,2018,18131.0
Latvia,2018,33263.0
Lebanon,2018,54900.0
Lesotho,2018,2472.0
Liberia,2018,3264.0
Libya,2018,76682.0
Lithuania,2018,54294.0
Luxembourg,2018,71118.0
Macau,2018,55191.0
Madagascar,2018,13760.0
Malawi,2018,9882.0
Malaysia,2018,358783.0
Maldives,2018,5398.0
Mali,2018,17079.0
Malta,2018,16161.0
Marshall Islands,2018,220.0
Mauritania,2018,7472.0
Mauritius,2018,14736.0
Mexico,2018,1256300.0
Federated States of Micronesia,2018,394.0
Moldova,2018,11252.0
Mongolia,2018,13207.0
Montenegro,2018,5509.0
Morocco,2018,127341.0
Mozambique,2018,15017.0
Myanmar,2018,67051.0
Namibia,2018,13676.0
Nauru,2018,131.0
Nepal,2018,33112.0
Netherlands,2018,930155.0
New Zealand,2018,209747.0
Nicaragua,2018,13025.0
Niger,2018,12814.0
Nigeria,2018,421739.0
North Macedonia,2018,12694.0
Norway,2018,439789.0
Oman,2018,91506.0
Pakistan,2018,356163.0
Palau,2018,288.0
Panama,2018,67294.0
Papua New Guinea,2018,24110.0
Paraguay,2018,40225.0
Peru,2018,227583.0
Philippines,2018,346842.0
Poland,2018,594641.0
Portugal,2018,242203.0
Puerto Rico,2018,100958.0
Qatar,2018,183335.0
Romania,2018,243651.0
Russia,2018,1653005.0
Rwanda,2018,9638.0
Samoa,2018,878.0
San Marino,2018,1656.0
So Tom and Prncipe,2018,387.0
Saudi Arabia,2018,846584.0
Senegal,2018,23127.0
Serbia,2018,52788.0
Seychelles,2018,1777.0
Sierra Leone,2018,6390.0
Singapore,2018,377124.0
Slovakia,2018,106660.0
Slovenia,2018,53713.0
Solomon Islands,2018,1615.0
Somalia,2018,7873.0
South Africa,2018,405093.0
South Sudan,2018,2687.0
Spain,2018,1432292.0
Sri Lanka,2018,94484.0
Saint Kitts and Nevis,2018,1076.0
Saint Lucia,2018,2061.0
Saint Vincent and the Grenadines,2018,884.0
Sudan,2018,33590.0
Suriname,2018,3996.0
Sweden,2018,551312.0
Switzerland,2018,725910.0
Syria,2018,
Taiwan,2018,610690.0
Tajikistan,2018,7762.0
Tanzania,2018,54775.0
Thailand,2018,506754.0
Timor-Leste,2018,1556.0
Togo,2018,7033.0
Tonga,2018,481.0
Trinidad and Tobago,2018,23889.0
Tunisia,2018,42687.0
Turkey,2018,797707.0
Turkmenistan,2018,49299.0
Tuvalu,2018,48.0
Uganda,2018,34126.0
Ukraine,2018,130905.0
United Arab Emirates,2018,427049.0
United Kingdom,2018,2875024.0
United States,2018,20656525.0
Uruguay,2018,65370.0
Uzbekistan,2018,58696.0
Vanuatu,2018,928.0
Venezuela,2018,102021.0
Vietnam,2018,304470.0
Palestine,2018,16277.0
Yemen,2018,21606.0
Zambia,2018,26312.0
Zimbabwe,2018,36922.0
Afghanistan,2019,18876.0
Albania,2019,15582.0
Algeria,2019,193361.0
Andorra,2019,3155.0
Angola,2019,94671.0
Antigua and Barbuda,2019,1726.0
Argentina,2019,446762.0
Armenia,2019,13619.0
Aruba,2019,3341.0
Australia,2019,1386277.0
Austria,2019,443033.0
Azerbaijan,2019,48174.0
Bahamas,2019,13016.0
Bahrain,2019,40447.0
Bangladesh,2019,351238.0
Barbados,2019,5788.0
Belarus,2019,64414.0
Belgium,2019,536787.0
Belize,2019,2388.0
Benin,2019,14392.0
Bhutan,2019,2618.0
Bolivia,2019,41193.0
Bosnia and Herzegovina,2019,20483.0
Botswana,2019,16696.0
Brazil,2019,1873286.0
Brunei,2019,13469.0
Bulgaria,2019,68639.0
Burkina Faso,2019,16092.0
Burundi,2019,3009.0
Cape Verde,2019,2251.0
Cambodia,2019,36682.0
Cameroon,2019,39673.0
Canada,2019,1743725.0
Central African Republic,2019,2279.0
Chad,2019,14906.0
Chile,2019,278040.0
China,2019,14572410.0
Colombia,2019,323055.0
Comoros,2019,1188.0
DR Congo,2019,50891.0
Republic of the Congo,2019,13977.0
Costa Rica,2019,64412.0
Ivory Coast,2019,60383.0
Croatia,2019,61472.0
Cyprus,2019,26200.0
Czech Republic,2019,256794.0
Denmark,2019,345402.0
Djibouti,2019,3089.0
Dominica,2019,612.0
Dominican Republic,2019,89237.0
Ecuador,2019,107596.0
Egypt,2019,317894.0
El Salvador,2019,26881.0
Equatorial Guinea,2019,11365.0
Eritrea,2019,1982.0
Estonia,2019,31877.0
Eswatini,2019,4495.0
Ethiopia,2019,92608.0
Fiji,2019,5444.0
Finland,2019,267044.0
France,2019,2723094.0
Gabon,2019,16875.0
Gambia,2019,1806.0
Georgia,2019,17645.0
Germany,2019,3957645.0
Ghana,2019,68353.0
Greece,2019,207329.0
Grenada,2019,1213.0
Guatemala,2019,77156.0
Guinea,2019,13443.0
Guinea-Bissau,2019,1487.0
Guyana,2019,5174.0
Haiti,2019,14787.0
Honduras,2019,24711.0
Hong Kong,2019,363075.0
Hungary,2019,164927.0
Iceland,2019,24681.0
India,2019,2835606.0
Indonesia,2019,1119100.0
Iran,2019,241658.0
Iraq,2019,236682.0
Ireland,2019,407170.0
Israel,2019,400648.0
Italy,2019,2019831.0
Jamaica,2019,15808.0
Japan,2019,5117995.0
Jordan,2019,44566.0
Kazakhstan,2019,181667.0
Kenya,2019,100328.0
Kiribati,2019,217.0
South Korea,2019,1751046.0
Kosovo,2019,7900.0
Kuwait,2019,140855.0
Kyrgyzstan,2019,9372.0
Laos,2019,18770.0
Latvia,2019,33103.0
Lebanon,2019,50928.0
Lesotho,2019,2323.0
Liberia,2019,3080.0
Libya,2019,69237.0
Lithuania,2019,55132.0
Luxembourg,2019,69880.0
Macau,2019,55082.0
Madagascar,2019,14105.0
Malawi,2019,11031.0
Malaysia,2019,365178.0
Maldives,2019,5716.0
Mali,2019,17281.0
Malta,2019,16340.0
Marshall Islands,2019,233.0
Mauritania,2019,7894.0
Mauritius,2019,14436.0
Mexico,2019,1304106.0
Federated States of Micronesia,2019,395.0
Moldova,2019,11737.0
Mongolia,2019,14206.0
Montenegro,2019,5543.0
Morocco,2019,128920.0
Mozambique,2019,15513.0
Myanmar,2019,82568.0
Namibia,2019,12539.0
Nauru,2019,125.0
Nepal,2019,34186.0
Netherlands,2019,929006.0
New Zealand,2019,210995.0
Nicaragua,2019,12713.0
Niger,2019,12917.0
Nigeria,2019,474517.0
North Macedonia,2019,12609.0
Norway,2019,408743.0
Oman,2019,88061.0
Pakistan,2019,321071.0
Palau,2019,282.0
Panama,2019,69722.0
Papua New Guinea,2019,24751.0
Paraguay,2019,37925.0
Peru,2019,233004.0
Philippines,2019,376823.0
Poland,2019,602592.0
Portugal,2019,240142.0
Puerto Rico,2019,105126.0
Qatar,2019,176371.0
Romania,2019,251652.0
Russia,2019,1695724.0
Rwanda,2019,10349.0
Samoa,2019,913.0
San Marino,2019,1616.0
So Tom and Prncipe,2019,416.0
Saudi Arabia,2019,838565.0
Senegal,2019,23405.0
Serbia,2019,53865.0
Seychelles,2019,1867.0
Sierra Leone,2019,6519.0
Singapore,2019,376162.0
Slovakia,2019,105855.0
Slovenia,2019,53916.0
Solomon Islands,2019,1619.0
Somalia,2019,8655.0
South Africa,2019,389245.0
South Sudan,2019,4044.0
Spain,2019,1403651.0
Sri Lanka,2019,89015.0
Saint Kitts and Nevis,2019,1107.0
Saint Lucia,2019,2095.0
Saint Vincent and the Grenadines,2019,910.0
Sudan,2019,31484.0
Suriname,2019,4016.0
Sweden,2019,532169.0
Switzerland,2019,721867.0
Syria,2019,
Taiwan,2019,613512.0
Tajikistan,2019,8301.0
Tanzania,2019,58797.0
Thailand,2019,543977.0
Timor-Leste,2019,2033.0
Togo,2019,6993.0
Tonga,2019,494.0
Trinidad and Tobago,2019,23588.0
Tunisia,2019,41905.0
Turkey,2019,760388.0
Turkmenistan,2019,53035.0
Tuvalu,2019,54.0
Uganda,2019,37895.0
Ukraine,2019,153904.0
United Arab Emirates,2019,417990.0
United Kingdom,2019,2853074.0
United States,2019,21539975.0
Uruguay,2019,62229.0
Uzbekistan,2019,67294.0
Vanuatu,2019,930.0
Venezuela,2019,73014.0
Vietnam,2019,331818.0
Palestine,2019,17134.0
Yemen,2019,21888.0
Zambia,2019,23309.0
Zimbabwe,2019,26033.0
Afghanistan,2020,20136.0
Albania,2020,15271.0
Algeria,2020,164774.0
Andorra,2020,2885.0
Angola,2020,66521.0
Antigua and Barbuda,2020,1412.0
Argentina,2020,385218.0
Armenia,2020,12642.0
Aruba,2020,2486.0
Australia,2020,1362613.0
Austria,2020,434050.0
Azerbaijan,2020,42693.0
Bahamas,2020,9958.0
Bahrain,2020,35838.0
Bangladesh,2020,373902.0
Barbados,2020,5168.0
Belarus,2020,61312.0
Belgium,2020,529269.0
Belize,2020,2043.0
Benin,2020,15674.0
Bhutan,2020,2586.0
Bolivia,2020,36897.0
Bosnia and Herzegovina,2020,20226.0
Botswana,2020,14930.0
Brazil,2020,1476092.0
Brunei,2020,12006.0
Bulgaria,2020,70658.0
Burkina Faso,2020,17837.0
Burundi,2020,3089.0
Cape Verde,2020,1831.0
Cambodia,2020,34898.0
Cameroon,2020,40863.0
Canada,2020,1655685.0
Central African Republic,2020,2389.0
Chad,2020,14954.0
Chile,2020,254060.0
China,2020,15103357.0
Colombia,2020,270348.0
Comoros,2020,1218.0
DR Congo,2020,49613.0
Republic of the Congo,2020,11485.0
Costa Rica,2020,62382.0
Ivory Coast,2020,63119.0
Croatia,2020,57919.0
Cyprus,2020,25535.0
Czech Republic,2020,251110.0
Denmark,2020,355631.0
Djibouti,2020,3144.0
Dominica,2020,504.0
Dominican Republic,2020,78625.0
Ecuador,2020,95865.0
Egypt,2020,382525.0
El Salvador,2020,24921.0
Equatorial Guinea,2020,9908.0
Eritrea,2020,1982.0
Estonia,2020,31795.0
Eswatini,2020,3984.0
Ethiopia,2020,96611.0
Fiji,2020,4432.0
Finland,2020,269784.0
France,2020,2645806.0
Gabon,2020,15364.0
Gambia,2020,1809.0
Georgia,2020,16013.0
Germany,2020,3936989.0
Ghana,2020,70008.0
Greece,2020,191210.0
Grenada,2020,1043.0
Guatemala,2020,77718.0
Guinea,2020,14089.0
Guinea-Bissau,2020,1523.0
Guyana,2020,5471.0
Haiti,2020,14508.0
Honduras,2020,23190.0
Hong Kong,2020,344941.0
Hungary,2020,158468.0
Iceland,2020,21630.0
India,2020,2674852.0
Indonesia,2020,1059055.0
Iran,2020,195528.0
Iraq,2020,182576.0
Ireland,2020,436205.0
Israel,2020,410771.0
Italy,2020,1905956.0
Jamaica,2020,13885.0
Japan,2020,5054069.0
Jordan,2020,43762.0
Kazakhstan,2020,171082.0
Kenya,2020,100912.0
Kiribati,2020,222.0
South Korea,2020,1744456.0
Kosovo,2020,7728.0
Kuwait,2020,111048.0
Kyrgyzstan,2020,8283.0
Laos,2020,18511.0
Latvia,2020,33353.0
Lebanon,2020,24976.0
Lesotho,2020,2092.0
Liberia,2020,3037.0
Libya,2020,46893.0
Lithuania,2020,57352.0
Luxembourg,2020,73612.0
Macau,2020,25344.0
Madagascar,2020,13051.0
Malawi,2020,11847.0
Malaysia,2020,337456.0
Maldives,2020,3706.0
Mali,2020,17491.0
Malta,2020,16397.0
Marshall Islands,2020,242.0
Mauritania,2020,8464.0
Mauritius,2020,11408.0
Mexico,2020,1121065.0
Federated States of Micronesia,2020,373.0
Moldova,2020,11530.0
Mongolia,2020,13313.0
Montenegro,2020,4777.0
Morocco,2020,121354.0
Mozambique,2020,14235.0
Myanmar,2020,65631.0
Namibia,2020,10583.0
Nauru,2020,125.0
Nepal,2020,33434.0
Netherlands,2020,931814.0
New Zealand,2020,210541.0
Nicaragua,2020,12730.0
Niger,2020,13764.0
Nigeria,2020,432299.0
North Macedonia,2020,12385.0
Norway,2020,367633.0
Oman,2020,75909.0
Pakistan,2020,300410.0
Palau,2020,259.0
Panama,2020,57087.0
Papua New Guinea,2020,23848.0
Paraguay,2020,35432.0
Peru,2020,206461.0
Philippines,2020,361751.0
Poland,2020,605930.0
Portugal,2020,229435.0
Puerto Rico,2020,103131.0
Qatar,2020,144411.0
Romania,2020,252372.0
Russia,2020,1488118.0
Rwanda,2020,10174.0
Samoa,2020,869.0
San Marino,2020,1543.0
So Tom and Prncipe,2020,476.0
Saudi Arabia,2020,734271.0
Senegal,2020,24534.0
Serbia,2020,55874.0
Seychelles,2020,1384.0
Sierra Leone,2020,6682.0
Singapore,2020,349166.0
Slovakia,2020,107646.0
Slovenia,2020,53342.0
Solomon Islands,2020,1536.0
Somalia,2020,8628.0
South Africa,2020,337876.0
South Sudan,2020,5423.0
Spain,2020,1288751.0
Sri Lanka,2020,84304.0
Saint Kitts and Nevis,2020,884.0
Saint Lucia,2020,1499.0
Saint Vincent and the Grenadines,2020,864.0
Sudan,2020,35237.0
Suriname,2020,2912.0
Sweden,2020,545148.0
Switzerland,2020,741288.0
Syria,2020,60043.0
Taiwan,2020,676861.0
Tajikistan,2020,8134.0
Tanzania,2020,63373.0
Thailand,2020,500462.0
Timor-Leste,2020,2163.0
Togo,2020,7400.0
Tonga,2020,503.0
Trinidad and Tobago,2020,20991.0
Tunisia,2020,42494.0
Turkey,2020,717114.0
Turkmenistan,2020,52385.0
Tuvalu,2020,52.0
Uganda,2020,37889.0
Ukraine,2020,156566.0
United Arab Emirates,2020,349473.0
United Kingdom,2020,2698705.0
United States,2020,21354125.0
Uruguay,2020,53557.0
Uzbekistan,2020,66443.0
Vanuatu,2020,1008.0
Venezuela,2020,42838.0
Vietnam,2020,346310.0
Palestine,2020,15532.0
Yemen,2020,20220.0
Zambia,2020,18138.0
Zimbabwe,2020,26878.0
Afghanistan,2021,14278.0
Albania,2021,18086.0
Algeria,2021,185850.0
Andorra,2021,3325.0
Angola,2021,84375.0
Antigua and Barbuda,2021,1602.0
Argentina,2021,486040.0
Armenia,2021,13879.0
Aruba,2021,2929.0
Australia,2021,1655843.0
Austria,2021,480786.0
Azerbaijan,2021,54825.0
Bahamas,2021,11369.0
Bahrain,2021,40840.0
Bangladesh,2021,416265.0
Barbados,2021,5275.0
Belarus,2021,68207.0
Belgium,2021,598892.0
Belize,2021,2421.0
Benin,2021,17699.0
Bhutan,2021,2623.0
Bolivia,2021,40701.0
Bosnia and Herzegovina,2021,23673.0
Botswana,2021,18750.0
Brazil,2021,1670650.0
Brunei,2021,14006.0
Bulgaria,2021,84477.0
Burkina Faso,2021,19747.0
Burundi,2021,3356.0
Cape Verde,2021,2053.0
Cambodia,2021,36797.0
Cameroon,2021,45036.0
Canada,2021,2022382.0
Central African Republic,2021,2585.0
Chad,2021,16881.0
Chile,2021,315411.0
China,2021,18190803.0
Colombia,2021,318525.0
Comoros,2021,1273.0
DR Congo,2021,55327.0
Republic of the Congo,2021,13387.0
Costa Rica,2021,64954.0
Ivory Coast,2021,72833.0
Croatia,2021,69055.0
Cyprus,2021,30393.0
Czech Republic,2021,290973.0
Denmark,2021,408378.0
Djibouti,2021,3393.0
Dominica,2021,555.0
Dominican Republic,2021,95067.0
Ecuador,2021,107179.0
Egypt,2021,423300.0
El Salvador,2021,29043.0
Equatorial Guinea,2021,12222.0
Eritrea,2021,
Estonia,2021,37229.0
Eswatini,2021,4851.0
Ethiopia,2021,99261.0
Fiji,2021,4305.0
Finland,2021,294419.0
France,2021,2968405.0
Gabon,2021,19455.0
Gambia,2021,2045.0
Georgia,2021,18849.0
Germany,2021,4351188.0
Ghana,2021,79514.0
Greece,2021,218449.0
Grenada,2021,1123.0
Guatemala,2021,86467.0
Guinea,2021,16320.0
Guinea-Bissau,2021,1722.0
Guyana,2021,8041.0
Haiti,2021,21017.0
Honduras,2021,27950.0
Hong Kong,2021,368954.0
Hungary,2021,183283.0
Iceland,2021,25770.0
India,2021,3167271.0
Indonesia,2021,1186510.0
Iran,2021,289294.0
Iraq,2021,210753.0
Ireland,2021,531660.0
Israel,2021,489854.0
Italy,2021,2180656.0
Jamaica,2021,14674.0
Japan,2021,5039148.0
Jordan,2021,46362.0
Kazakhstan,2021,197112.0
Kenya,2021,109875.0
Kiribati,2021,285.0
South Korea,2021,1942314.0
Kosovo,2021,9418.0
Kuwait,2021,148455.0
Kyrgyzstan,2021,9256.0
Laos,2021,18533.0
Latvia,2021,38209.0
Lebanon,2021,19782.0
Lesotho,2021,2445.0
Liberia,2021,3509.0
Libya,2021,35216.0
Lithuania,2021,67068.0
Luxembourg,2021,86444.0
Macau,2021,30969.0
Madagascar,2021,14355.0
Malawi,2021,12475.0
Malaysia,2021,373785.0
Maldives,2021,5242.0
Mali,2021,19320.0
Malta,2021,19737.0
Marshall Islands,2021,259.0
Mauritania,2021,9126.0
Mauritius,2021,11484.0
Mexico,2021,1316569.0
Federated States of Micronesia,2021,392.0
Moldova,2021,13694.0
Mongolia,2021,15286.0
Montenegro,2021,5865.0
Morocco,2021,142022.0
Mozambique,2021,16168.0
Myanmar,2021,58264.0
Namibia,2021,12399.0
Nauru,2021,176.0
Nepal,2021,36927.0
Netherlands,2021,1055173.0
New Zealand,2021,249775.0
Nicaragua,2021,14208.0
Niger,2021,14923.0
Nigeria,2021,441074.0
North Macedonia,2021,14008.0
Norway,2021,503368.0
Oman,2021,87324.0
Pakistan,2021,348481.0
Palau,2021,236.0
Panama,2021,67407.0
Papua New Guinea,2021,26113.0
Paraguay,2021,39951.0
Peru,2021,226268.0
Philippines,2021,394087.0
Poland,2021,689253.0
Portugal,2021,256226.0
Puerto Rico,2021,106427.0
Qatar,2021,179732.0
Romania,2021,286783.0
Russia,2021,1828927.0
Rwanda,2021,11066.0
Samoa,2021,844.0
San Marino,2021,1857.0
So Tom and Prncipe,2021,529.0
Saudi Arabia,2021,874157.0
Senegal,2021,27584.0
Serbia,2021,65830.0
Seychelles,2021,1490.0
Sierra Leone,2021,7165.0
Singapore,2021,436591.0
Slovakia,2021,120672.0
Slovenia,2021,61570.0
Solomon Islands,2021,1523.0
Somalia,2021,9484.0
South Africa,2021,420778.0
South Sudan,2021,5940.0
Spain,2021,1462216.0
Sri Lanka,2021,88609.0
Saint Kitts and Nevis,2021,859.0
Saint Lucia,2021,1867.0
Saint Vincent and the Grenadines,2021,888.0
Sudan,2021,35142.0
Suriname,2021,3084.0
Sweden,2021,637187.0
Switzerland,2021,814699.0
Syria,2021,
Taiwan,2021,776965.0
Tajikistan,2021,8934.0
Tanzania,2021,67964.0
Thailand,2021,506195.0
Timor-Leste,2021,3625.0
Togo,2021,8338.0
Tonga,2021,520.0
Trinidad and Tobago,2021,24177.0
Tunisia,2021,46813.0
Turkey,2021,807893.0
Turkmenistan,2021,60934.0
Tuvalu,2021,62.0
Uganda,2021,42805.0
Ukraine,2021,199835.0
United Arab Emirates,2021,415179.0
United Kingdom,2021,3144079.0
United States,2021,23681175.0
Uruguay,2021,60742.0
Uzbekistan,2021,77340.0
Vanuatu,2021,921.0
Venezuela,2021,56615.0
Vietnam,2021,370076.0
Palestine,2021,18109.0
Yemen,2021,19394.0
Zambia,2021,22096.0
Zimbabwe,2021,36016.0
Afghanistan,2022,14501.0
Albania,2022,19185.0
Algeria,2022,225709.0
Andorra,2022,3376.0
Angola,2022,142442.0
Antigua and Barbuda,2022,1867.0
Argentina,2022,632318.0
Armenia,2022,19514.0
Aruba,2022,3279.0
Australia,2022,1725461.0
Austria,2022,472339.0
Azerbaijan,2022,78807.0
Bahamas,2022,13136.0
Bahrain,2022,46458.0
Bangladesh,2022,460201.0
Barbados,2022,6257.0
Belarus,2022,73735.0
Belgium,2022,593906.0
Belize,2022,2847.0
Benin,2022,17439.0
Bhutan,2022,2869.0
Bolivia,2022,44329.0
Bosnia and Herzegovina,2022,24535.0
Botswana,2022,20321.0
Brazil,2022,1951849.0
Brunei,2022,16682.0
Bulgaria,2022,90719.0
Burkina Faso,2022,19588.0
Burundi,2022,3922.0
Cape Verde,2022,2309.0
Cambodia,2022,39838.0
Cameroon,2022,44442.0
Canada,2022,2190411.0
Central African Republic,2022,2460.0
Chad,2022,17867.0
Chile,2022,301270.0
China,2022,18307816.0
Colombia,2022,345632.0
Comoros,2022,1223.0
DR Congo,2022,63324.0
Republic of the Congo,2022,13967.0
Costa Rica,2022,69235.0
Ivory Coast,2022,71075.0
Croatia,2022,71260.0
Cyprus,2022,31001.0
Czech Republic,2022,301831.0
Denmark,2022,401946.0
Djibouti,2022,3563.0
Dominica,2022,607.0
Dominican Republic,2022,113813.0
Ecuador,2022,116133.0
Egypt,2022,475231.0
El Salvador,2022,31989.0
Equatorial Guinea,2022,13717.0
Eritrea,2022,
Estonia,2022,38406.0
Eswatini,2022,4791.0
Ethiopia,2022,118958.0
Fiji,2022,4970.0
Finland,2022,280474.0
France,2022,2797049.0
Gabon,2022,20485.0
Gambia,2022,2135.0
Georgia,2022,24985.0
Germany,2022,4166872.0
Ghana,2022,73919.0
Greece,2022,219053.0
Grenada,2022,1231.0
Guatemala,2022,95631.0
Guinea,2022,19589.0
Guinea-Bissau,2022,1721.0
Guyana,2022,14718.0
Haiti,2022,19826.0
Honduras,2022,31233.0
Hong Kong,2022,358680.0
Hungary,2022,178321.0
Iceland,2022,28696.0
India,2022,3346107.0
Indonesia,2022,1319101.0
Iran,2022,376254.0
Iraq,2022,288059.0
Ireland,2022,549003.0
Israel,2022,525183.0
Italy,2022,2105722.0
Jamaica,2022,17003.0
Japan,2022,4262146.0
Jordan,2022,48722.0
Kazakhstan,2022,225496.0
Kenya,2022,114733.0
Kiribati,2022,271.0
South Korea,2022,1799363.0
Kosovo,2022,9375.0
Kuwait,2022,183977.0
Kyrgyzstan,2022,12269.0
Laos,2022,15121.0
Latvia,2022,38045.0
Lebanon,2022,24748.0
Lesotho,2022,2275.0
Liberia,2022,3974.0
Libya,2022,43281.0
Lithuania,2022,71082.0
Luxembourg,2022,80865.0
Macau,2022,24998.0
Madagascar,2022,15326.0
Malawi,2022,12531.0
Malaysia,2022,407605.0
Maldives,2022,6168.0
Mali,2022,19319.0
Malta,2022,19254.0
Marshall Islands,2022,253.0
Mauritania,2022,9564.0
Mauritius,2022,12908.0
Mexico,2022,1466465.0
Federated States of Micronesia,2022,416.0
Moldova,2022,14493.0
Mongolia,2022,17146.0
Montenegro,2022,6243.0
Morocco,2022,130952.0
Mozambique,2022,18884.0
Myanmar,2022,61723.0
Namibia,2022,12564.0
Nauru,2022,152.0
Nepal,2022,41183.0
Netherlands,2022,1047364.0
New Zealand,2022,245203.0
Nicaragua,2022,15634.0
Niger,2022,15458.0
Nigeria,2022,476468.0
North Macedonia,2022,13957.0
Norway,2022,596298.0
Oman,2022,109853.0
Pakistan,2022,374850.0
Palau,2022,248.0
Panama,2022,76523.0
Papua New Guinea,2022,31653.0
Paraguay,2022,41953.0
Peru,2022,244419.0
Philippines,2022,404353.0
Poland,2022,695734.0
Portugal,2022,257101.0
Puerto Rico,2022,113567.0
Qatar,2022,235709.0
Romania,2022,296928.0
Russia,2022,2295527.0
Rwanda,2022,13313.0
Samoa,2022,833.0
San Marino,2022,1833.0
So Tom and Prncipe,2022,546.0
Saudi Arabia,2022,1108571.0
Senegal,2022,27750.0
Serbia,2022,66798.0
Seychelles,2022,2018.0
Sierra Leone,2022,7119.0
Singapore,2022,509018.0
Slovakia,2022,116020.0
Slovenia,2022,59975.0
Solomon Islands,2022,1566.0
Somalia,2022,10203.0
South Africa,2022,406755.0
South Sudan,2022,8037.0
Spain,2022,1447636.0
Sri Lanka,2022,74584.0
Saint Kitts and Nevis,2022,981.0
Saint Lucia,2022,2343.0
Saint Vincent and the Grenadines,2022,970.0
Sudan,2022,33517.0
Suriname,2022,3631.0
Sweden,2022,579896.0
Switzerland,2022,828522.0
Syria,2022,
Taiwan,2022,765624.0
Tajikistan,2022,10493.0
Tanzania,2022,74173.0
Thailand,2022,495645.0
Timor-Leste,2022,3209.0
Togo,2022,8144.0
Tonga,2022,515.0
Trinidad and Tobago,2022,28510.0
Tunisia,2022,44596.0
Turkey,2022,905800.0
Turkmenistan,2022,77963.0
Tuvalu,2022,61.0
Uganda,2022,47276.0
Ukraine,2022,161987.0
United Arab Emirates,2022,502732.0
United Kingdom,2022,3125404.0
United States,2022,26006900.0
Uruguay,2022,70600.0
Uzbekistan,2022,90125.0
Vanuatu,2022,1072.0
Venezuela,2022,89013.0
Vietnam,2022,411068.0
Palestine,2022,19166.0
Yemen,2022,23534.0
Zambia,2022,29164.0
Zimbabwe,2022,32613.0
Afghanistan,2023,17248.0
Albania,2023,23388.0
Algeria,2023,247789.0
Andorra,2023,3786.0
Angola,2023,109764.0
Antigua and Barbuda,2023,2006.0
Argentina,2023,645511.0
Armenia,2023,24086.0
Aruba,2023,3649.0
Australia,2023,1742461.0
Austria,2023,512509.0
Azerbaijan,2023,72428.0
Bahamas,2023,14338.0
Bahrain,2023,46192.0
Bangladesh,2023,451534.0
Barbados,2023,6721.0
Belarus,2023,71792.0
Belgium,2023,644968.0
Belize,2023,3067.0
Benin,2023,19679.0
Bhutan,2023,2923.0
Bolivia,2023,45464.0
Bosnia and Herzegovina,2023,27592.0
Botswana,2023,19411.0
Brazil,2023,2191137.0
Brunei,2023,15095.0
Bulgaria,2023,102434.0
Burkina Faso,2023,21181.0
Burundi,2023,4246.0
Cape Verde,2023,2588.0
Cambodia,2023,43304.0
Cameroon,2023,49283.0
Canada,2023,2173340.0
Central African Republic,2023,2602.0
Chad,2023,18343.0
Chile,2023,335627.0
China,2023,18270351.0
Colombia,2023,366292.0
Comoros,2023,1335.0
DR Congo,2023,64402.0
Republic of the Congo,2023,14169.0
Costa Rica,2023,86509.0
Ivory Coast,2023,79630.0
Croatia,2023,84416.0
Cyprus,2023,33897.0
Czech Republic,2023,343207.0
Denmark,2023,407092.0
Djibouti,2023,3917.0
Dominica,2023,654.0
Dominican Republic,2023,120794.0
Ecuador,2023,121147.0
Egypt,2023,393828.0
El Salvador,2023,34016.0
Equatorial Guinea,2023,12339.0
Eritrea,2023,
Estonia,2023,41303.0
Eswatini,2023,4858.0
Ethiopia,2023,159761.0
Fiji,2023,5442.0
Finland,2023,295036.0
France,2023,3056880.0
Gabon,2023,20059.0
Gambia,2023,2345.0
Georgia,2023,30778.0
Germany,2023,4527009.0
Ghana,2023,80547.0
Greece,2023,243569.0
Grenada,2023,1325.0
Guatemala,2023,104436.0
Guinea,2023,22750.0
Guinea-Bissau,2023,2005.0
Guyana,2023,16919.0
Haiti,2023,19603.0
Honduras,2023,34229.0
Hong Kong,2023,381066.0
Hungary,2023,214098.0
Iceland,2023,31452.0
India,2023,3638490.0
Indonesia,2023,1371169.0
Iran,2023,372820.0
Iraq,2023,270799.0
Ireland,2023,551554.0
Israel,2023,512185.0
Italy,2023,2305271.0
Jamaica,2023,19315.0
Japan,2023,4213167.0
Jordan,2023,51161.0
Kazakhstan,2023,261840.0
Kenya,2023,108747.0
Kiribati,2023,289.0
South Korea,2023,1839058.0
Kosovo,2023,10470.0
Kuwait,2023,163716.0
Kyrgyzstan,2023,15187.0
Laos,2023,14978.0
Latvia,2023,42584.0
Lebanon,2023,23607.0
Lesotho,2023,2213.0
Liberia,2023,4390.0
Libya,2023,43958.0
Lithuania,2023,79824.0
Luxembourg,2023,87599.0
Macau,2023,45802.0
Madagascar,2023,15870.0
Malawi,2023,13439.0
Malaysia,2023,399705.0
Maldives,2023,6581.0
Mali,2023,21184.0
Malta,2023,22217.0
Marshall Islands,2023,259.0
Mauritania,2023,10649.0
Mauritius,2023,14101.0
Mexico,2023,1793799.0
Federated States of Micronesia,2023,444.0
Moldova,2023,16751.0
Mongolia,2023,20315.0
Montenegro,2023,7532.0
Morocco,2023,144438.0
Mozambique,2023,20954.0
Myanmar,2023,61466.0
Namibia,2023,12402.0
Nauru,2023,152.0
Nepal,2023,40907.0
Netherlands,2023,1154694.0
New Zealand,2023,253436.0
Nicaragua,2023,17820.0
Niger,2023,16809.0
Nigeria,2023,363816.0
North Macedonia,2023,15772.0
Norway,2023,482950.0
Oman,2023,105896.0
Pakistan,2023,337754.0
Palau,2023,275.0
Panama,2023,83382.0
Papua New Guinea,2023,30729.0
Paraguay,2023,43118.0
Peru,2023,267482.0
Philippines,2023,437055.0
Poland,2023,809706.0
Portugal,2023,289781.0
Puerto Rico,2023,117902.0
Qatar,2023,213003.0
Romania,2023,350847.0
Russia,2023,2059762.0
Rwanda,2023,14331.0
Samoa,2023,938.0
San Marino,2023,2003.0
So Tom and Prncipe,2023,684.0
Saudi Arabia,2023,1067583.0
Senegal,2023,30625.0
Serbia,2023,81343.0
Seychelles,2023,2187.0
Sierra Leone,2023,6397.0
Singapore,2023,505440.0
Slovakia,2023,132947.0
Slovenia,2023,69168.0
Solomon Islands,2023,1661.0
Somalia,2023,10969.0
South Africa,2023,380592.0
South Sudan,2023,7186.0
Spain,2023,1620558.0
Sri Lanka,2023,83723.0
Saint Kitts and Nevis,2023,1056.0
Saint Lucia,2023,2430.0
Saint Vincent and the Grenadines,2023,1071.0
Sudan,2023,36998.0
Suriname,2023,3445.0
Sweden,2023,585490.0
Switzerland,2023,894867.0
Syria,2023,
Taiwan,2023,757335.0
Tajikistan,2023,11854.0
Tanzania,2023,79138.0
Thailand,2023,515906.0
Timor-Leste,2023,2080.0
Togo,2023,9081.0
Tonga,2023,512.0
Trinidad and Tobago,2023,25489.0
Tunisia,2023,48541.0
Turkey,2023,1130062.0
Turkmenistan,2023,77876.0
Tuvalu,2023,63.0
Uganda,2023,51934.0
Ukraine,2023,178763.0
United Arab Emirates,2023,514130.0
United Kingdom,2023,3371118.0
United States,2023,27720725.0
Uruguay,2023,77997.0
Uzbekistan,2023,102634.0
Vanuatu,2023,1158.0
Venezuela,2023,102377.0
Vietnam,2023,433008.0
Palestine,2023,17848.0
Yemen,2023,19412.0
Zambia,2023,27578.0
Zimbabwe,2023,35144.0
Afghanistan,2024,
Albania,2024,27259.0
Algeria,2024,264913.0
Andorra,2024,4038.0
Angola,2024,115946.0
Antigua and Barbuda,2024,2225.0
Argentina,2024,632145.0
Armenia,2024,25533.0
Aruba,2024,3952.0
Australia,2024,1796805.0
Austria,2024,521269.0
Azerbaijan,2024,74316.0
Bahamas,2024,14761.0
Bahrain,2024,46943.0
Bangladesh,2024,451096.0
Barbados,2024,7167.0
Belarus,2024,71180.0
Belgium,2024,664965.0
Belize,2024,3427.0
Benin,2024,21249.0
Bhutan,2024,3092.0
Bolivia,2024,48404.0
Bosnia and Herzegovina,2024,28795.0
Botswana,2024,19356.0
Brazil,2024,2171337.0
Brunei,2024,15463.0
Bulgaria,2024,112232.0
Burkina Faso,2024,23975.0
Burundi,2024,4743.0
Cape Verde,2024,2726.0
Cambodia,2024,47328.0
Cameroon,2024,52784.0
Canada,2024,2241253.0
Central African Republic,2024,2831.0
Chad,2024,19078.0
Chile,2024,330210.0
China,2024,18748009.0
Colombia,2024,418542.0
Comoros,2024,1456.0
DR Congo,2024,71011.0
Republic of the Congo,2024,14893.0
Costa Rica,2024,95365.0
Ivory Coast,2024,87096.0
Croatia,2024,92506.0
Cyprus,2024,36156.0
Czech Republic,2024,344931.0
Denmark,2024,429458.0
Djibouti,2024,4257.0
Dominica,2024,697.0
Dominican Republic,2024,124613.0
Ecuador,2024,121728.0
Egypt,2024,383109.0
El Salvador,2024,35337.0
Equatorial Guinea,2024,12544.0
Eritrea,2024,
Estonia,2024,42752.0
Eswatini,2024,5199.0
Ethiopia,2024,143123.0
Fiji,2024,5949.0
Finland,2024,298833.0
France,2024,3162023.0
Gabon,2024,20774.0
Gambia,2024,2558.0
Georgia,2024,33775.0
Germany,2024,4658526.0
Ghana,2024,82825.0
Greece,2024,257067.0
Grenada,2024,1392.0
Guatemala,2024,112575.0
Guinea,2024,25758.0
Guinea-Bissau,2024,2184.0
Guyana,2024,24659.0
Haiti,2024,26229.0
Honduras,2024,36965.0
Hong Kong,2024,407107.0
Hungary,2024,223060.0
Iceland,2024,33463.0
India,2024,3909097.0
Indonesia,2024,1396300.0
Iran,2024,401357.0
Iraq,2024,277478.0
Ireland,2024,577216.0
Israel,2024,540381.0
Italy,2024,2372059.0
Jamaica,2024,20069.0
Japan,2024,4026211.0
Jordan,2024,53428.0
Kazakhstan,2024,284810.0
Kenya,2024,120899.0
Kiribati,2024,308.0
South Korea,2024,1869714.0
Kosovo,2024,11151.0
Kuwait,2024,158568.0
Kyrgyzstan,2024,17491.0
Laos,2024,15879.0
Latvia,2024,43508.0
Lebanon,2024,28280.0
Lesotho,2024,2309.0
Liberia,2024,4818.0
Libya,2024,42159.0
Lithuania,2024,84847.0
Luxembourg,2024,93169.0
Macau,2024,50182.0
Madagascar,2024,17420.0
Malawi,2024,11797.0
Malaysia,2024,419617.0
Maldives,2024,7019.0
Mali,2024,22724.0
Malta,2024,24315.0
Marshall Islands,2024,280.0
Mauritania,2024,10697.0
Mauritius,2024,14953.0
Mexico,2024,1852723.0
Federated States of Micronesia,2024,471.0
Moldova,2024,18126.0
Mongolia,2024,23586.0
Montenegro,2024,8023.0
Morocco,2024,155350.0
Mozambique,2024,21944.0
Myanmar,2024,61176.0
Namibia,2024,13370.0
Nauru,2024,161.0
Nepal,2024,43419.0
Netherlands,2024,1227174.0
New Zealand,2024,257728.0
Nicaragua,2024,19710.0
Niger,2024,19866.0
Nigeria,2024,187640.0
North Macedonia,2024,16679.0
Norway,2024,483727.0
Oman,2024,106943.0
Pakistan,2024,373078.0
Palau,2024,306.0
Panama,2024,87688.0
Papua New Guinea,2024,31654.0
Paraguay,2024,43989.0
Peru,2024,289070.0
Philippines,2024,461617.0
Poland,2024,908583.0
Portugal,2024,308590.0
Puerto Rico,2024,120978.0
Qatar,2024,221452.0
Romania,2024,384148.0
Russia,2024,2161205.0
Rwanda,2024,14251.0
Samoa,2024,1068.0
San Marino,2024,2063.0
So Tom and Prncipe,2024,796.0
Saudi Arabia,2024,1085358.0
Senegal,2024,32892.0
Serbia,2024,89074.0
Seychelles,2024,2168.0
Sierra Leone,2024,7653.0
Singapore,2024,547387.0
Slovakia,2024,140636.0
Slovenia,2024,72463.0
Solomon Islands,2024,1777.0
Somalia,2024,12134.0
South Africa,2024,400191.0
South Sudan,2024,5423.0
Spain,2024,1722227.0
Sri Lanka,2024,98964.0
Saint Kitts and Nevis,2024,1117.0
Saint Lucia,2024,2523.0
Saint Vincent and the Grenadines,2024,1162.0
Sudan,2024,28270.0
Suriname,2024,4458.0
Sweden,2024,610118.0
Switzerland,2024,936738.0
Syria,2024,
Taiwan,2024,782441.0
Tajikistan,2024,13544.0
Tanzania,2024,80171.0
Thailand,2024,526411.0
Timor-Leste,2024,2015.0
Togo,2024,9776.0
Tonga,2024,539.0
Trinidad and Tobago,2024,25524.0
Tunisia,2024,53063.0
Turkey,2024,1322405.0
Turkmenistan,2024,82515.0
Tuvalu,2024,65.0
Uganda,2024,56453.0
Ukraine,2024,190426.0
United Arab Emirates,2024,537079.0
United Kingdom,2024,3644636.0
United States,2024,29184900.0
Uruguay,2024,80961.0
Uzbekistan,2024,114962.0
Vanuatu,2024,1206.0
Venezuela,2024,119808.0
Vietnam,2024,459472.0
Palestine,2024,
Yemen,2024,19101.0
Zambia,2024,26326.0
Zimbabwe,2024,35224.0
Afghanistan,2025,
Albania,2025,28372.0
Algeria,2025,268885.0
Andorra,2025,4035.0
Angola,2025,113343.0
Antigua and Barbuda,2025,2373.0
Argentina,2025,683533.0
Armenia,2025,26258.0
Aruba,2025,4100.0
Australia,2025,1771681.0
Austria,2025,534301.0
Azerbaijan,2025,78870.0
Bahamas,2025,15178.0
Bahrain,2025,47829.0
Bangladesh,2025,467218.0
Barbados,2025,7552.0
Belarus,2025,71561.0
Belgium,2025,684864.0
Belize,2025,3611.0
Benin,2025,22236.0
Bhutan,2025,3422.0
Bolivia,2025,56339.0
Bosnia and Herzegovina,2025,28807.0
Botswana,2025,19400.0
Brazil,2025,2125958.0
Brunei,2025,16007.0
Bulgaria,2025,117007.0
Burkina Faso,2025,27056.0
Burundi,2025,6745.0
Cape Verde,2025,2786.0
Cambodia,2025,49799.0
Cameroon,2025,56011.0
Canada,2025,2225341.0
Central African Republic,2025,2932.0
Chad,2025,18792.0
Chile,2025,343823.0
China,2025,19231705.0
Colombia,2025,427766.0
Comoros,2025,1548.0
DR Congo,2025,79119.0
Republic of the Congo,2025,15281.0
Costa Rica,2025,102591.0
Ivory Coast,2025,94483.0
Croatia,2025,98951.0
Cyprus,2025,38736.0
Czech Republic,2025,360244.0
Denmark,2025,449940.0
Djibouti,2025,4587.0
Dominica,2025,742.0
Dominican Republic,2025,127828.0
Ecuador,2025,125677.0
Egypt,2025,347342.0
El Salvador,2025,36749.0
Equatorial Guinea,2025,12684.0
Eritrea,2025,
Estonia,2025,45004.0
Eswatini,2025,5483.0
Ethiopia,2025,117457.0
Fiji,2025,6257.0
Finland,2025,303945.0
France,2025,3211292.0
Gabon,2025,20391.0
Gambia,2025,2771.0
Georgia,2025,35353.0
Germany,2025,4744804.0
Ghana,2025,88332.0
Greece,2025,267348.0
Grenada,2025,1464.0
Guatemala,2025,121177.0
Guinea,2025,30094.0
Guinea-Bissau,2025,2274.0
Guyana,2025,25822.0
Haiti,2025,33548.0
Honduras,2025,38172.0
Hong Kong,2025,423999.0
Hungary,2025,237070.0
Iceland,2025,35309.0
India,2025,4187017.0
Indonesia,2025,1429743.0
Iran,2025,341013.0
Iraq,2025,258020.0
Ireland,2025,598840.0
Israel,2025,583361.0
Italy,2025,2422855.0
Jamaica,2025,21411.0
Japan,2025,4186431.0
Jordan,2025,56102.0
Kazakhstan,2025,300538.0
Kenya,2025,131673.0
Kiribati,2025,312.0
South Korea,2025,1790322.0
Kosovo,2025,11274.0
Kuwait,2025,153101.0
Kyrgyzstan,2025,19849.0
Laos,2025,16322.0
Latvia,2025,45535.0
Lebanon,2025,
Lesotho,2025,2404.0
Liberia,2025,5166.0
Libya,2025,47484.0
Lithuania,2025,89192.0
Luxembourg,2025,96613.0
Macau,2025,53354.0
Madagascar,2025,18708.0
Malawi,2025,13959.0
Malaysia,2025,444984.0
Maldives,2025,7480.0
Mali,2025,23208.0
Malta,2025,25750.0
Marshall Islands,2025,297.0
Mauritania,2025,11470.0
Mauritius,2025,15495.0
Mexico,2025,1692640.0
Federated States of Micronesia,2025,500.0
Moldova,2025,19462.0
Mongolia,2025,25804.0
Montenegro,2025,8562.0
Morocco,2025,165835.0
Mozambique,2025,23771.0
Myanmar,2025,64944.0
Namibia,2025,14214.0
Nauru,2025,169.0
Nepal,2025,46080.0
Netherlands,2025,1272011.0
New Zealand,2025,248666.0
Nicaragua,2025,21155.0
Niger,2025,21874.0
Nigeria,2025,188271.0
North Macedonia,2025,17885.0
Norway,2025,504276.0
Oman,2025,104351.0
Pakistan,2025,
Palau,2025,333.0
Panama,2025,91675.0
Papua New Guinea,2025,32835.0
Paraguay,2025,45465.0
Peru,2025,303293.0
Philippines,2025,497495.0
Poland,2025,979960.0
Portugal,2025,321440.0
Puerto Rico,2025,122522.0
Qatar,2025,222776.0
Romania,2025,403395.0
Russia,2025,2076396.0
Rwanda,2025,14771.0
Samoa,2025,1160.0
San Marino,2025,2047.0
So Tom and Prncipe,2025,864.0
Saudi Arabia,2025,1083749.0
Senegal,2025,34728.0
Serbia,2025,92549.0
Seychelles,2025,2198.0
Sierra Leone,2025,8386.0
Singapore,2025,564774.0
Slovakia,2025,147031.0
Slovenia,2025,75224.0
Solomon Islands,2025,1898.0
Somalia,2025,12994.0
South Africa,2025,410338.0
South Sudan,2025,3998.0
Spain,2025,1799511.0
Sri Lanka,2025,
Saint Kitts and Nevis,2025,1129.0
Saint Lucia,2025,2632.0
Saint Vincent and the Grenadines,2025,1242.0
Sudan,2025,31506.0
Suriname,2025,4506.0
Sweden,2025,620297.0
Switzerland,2025,947125.0
Syria,2025,
Taiwan,2025,804889.0
Tajikistan,2025,14836.0
Tanzania,2025,85977.0
Thailand,2025,546224.0
Timor-Leste,2025,2115.0
Togo,2025,10023.0
Tonga,2025,568.0
Trinidad and Tobago,2025,26467.0
Tunisia,2025,56291.0
Turkey,2025,1437406.0
Turkmenistan,2025,89054.0
Tuvalu,2025,65.0
Uganda,2025,64277.0
Ukraine,2025,205742.0
United Arab Emirates,2025,548598.0
United Kingdom,2025,3839180.0
United States,2025,30507217.0
Uruguay,2025,79731.0
Uzbekistan,2025,132484.0
Vanuatu,2025,1267.0
Venezuela,2025,108511.0
Vietnam,2025,490970.0
Palestine,2025,
Yemen,2025,17401.0
Zambia,2025,28910.0
Zimbabwe,2025,38172.0
